"","Station","Camera","Species","DateTimeOriginal","Date","Time"
"1",11,"11B","Tayassu pecari",2018-07-03 16:54:54,2018-07-03,"16:54:54"
"2",6,"6A","Cuniculus paca",2018-07-04 19:08:46,2018-07-04,"19:08:46"
"3",4,"4B","Mazama gouazoubira",2018-07-04 19:49:36,2018-07-04,"19:49:36"
"4",12,"12B","Dasypus novemcinctus",2018-07-04 22:51:27,2018-07-04,"22:51:27"
"5",6,"6A","Cuniculus paca",2018-07-04 23:45:33,2018-07-04,"23:45:33"
"6",13,"13A","NAN NAN",2018-07-05 00:26:24,2018-07-05,"0:26:24"
"7",4,"4A","Tapirus terrestris",2018-07-05 04:37:33,2018-07-05,"4:37:33"
"8",4,"4B","Mazama gouazoubira",2018-07-05 04:37:45,2018-07-05,"4:37:45"
"9",4,"4B","Mitu salvini",2018-07-05 06:33:52,2018-07-05,"6:33:52"
"10",13,"13A","Psophia crepitans",2018-07-05 10:40:29,2018-07-05,"10:40:29"
"11",4,"4B","Tayassu pecari",2018-07-05 11:09:04,2018-07-05,"11:09:04"
"12",13,"13A","Dasyprocta fuliginosa",2018-07-05 16:34:14,2018-07-05,"16:34:14"
"13",6,"6A","Cuniculus paca",2018-07-05 19:14:55,2018-07-05,"19:14:55"
"14",8,"8A","Cuniculus paca",2018-07-05 19:55:12,2018-07-05,"19:55:12"
"15",6,"6A","Cuniculus paca",2018-07-05 20:21:45,2018-07-05,"20:21:45"
"16",6,"6A","Cuniculus paca",2018-07-05 20:55:08,2018-07-05,"20:55:08"
"17",6,"6A","Cuniculus paca",2018-07-05 22:05:01,2018-07-05,"22:05:01"
"18",6,"6A","Cuniculus paca",2018-07-05 22:56:04,2018-07-05,"22:56:04"
"19",6,"6A","Cuniculus paca",2018-07-05 23:38:35,2018-07-05,"23:38:35"
"20",6,"6A","Atelocynus microtis",2018-07-06 05:31:31,2018-07-06,"5:31:31"
"21",4,"4B","Mazama americana",2018-07-06 07:49:13,2018-07-06,"7:49:13"
"22",13,"13A","Psophia crepitans",2018-07-06 08:23:21,2018-07-06,"8:23:21"
"23",8,"8B","Mazama gouazoubira",2018-07-06 17:09:31,2018-07-06,"17:09:31"
"24",28,"28A","Myrmecophaga tridactyla",2018-07-06 18:16:31,2018-07-06,"18:16:31"
"25",11,"11A","Tayassu pecari",2018-07-06 18:59:09,2018-07-06,"18:59:09"
"26",29,"29A","Nasua nasua",2018-07-06 19:48:41,2018-07-06,"19:48:41"
"27",6,"6A","Cuniculus paca",2018-07-06 20:22:40,2018-07-06,"20:22:40"
"28",6,"6A","Cuniculus paca",2018-07-06 22:09:21,2018-07-06,"22:09:21"
"29",17,"17A","Mazama americana",2018-07-06 22:44:00,2018-07-06,"22:44:00"
"30",6,"6A","Cuniculus paca",2018-07-06 23:21:35,2018-07-06,"23:21:35"
"31",8,"8A","Cuniculus paca",2018-07-06 23:54:18,2018-07-06,"23:54:18"
"32",22,"22A","Tapirus terrestris",2018-07-07 01:24:05,2018-07-07,"1:24:05"
"33",22,"22B","Mazama gouazoubira",2018-07-07 01:24:29,2018-07-07,"1:24:29"
"34",21,"21A","Mazama gouazoubira",2018-07-07 02:32:24,2018-07-07,"2:32:24"
"35",8,"8A","Cuniculus paca",2018-07-07 03:22:40,2018-07-07,"3:22:40"
"36",26,"26A","Cuniculus paca",2018-07-07 03:24:07,2018-07-07,"3:24:07"
"37",22,"22A","Psophia crepitans",2018-07-07 08:48:26,2018-07-07,"8:48:26"
"38",15,"15A","Atelocynus microtis",2018-07-07 13:38:07,2018-07-07,"13:38:07"
"39",8,"8A","Crypturellus undulatus",2018-07-07 16:27:36,2018-07-07,"16:27:36"
"40",9,"9A","Myoprocta pratti",2018-07-07 21:03:31,2018-07-07,"21:03:31"
"41",25,"25A","Cuniculus paca",2018-07-08 03:14:13,2018-07-08,"3:14:13"
"42",15,"15A","Atelocynus microtis",2018-07-08 05:24:48,2018-07-08,"5:24:48"
"43",13,"13A","Psophia crepitans",2018-07-08 06:38:55,2018-07-08,"6:38:55"
"44",24,"24B","NA NA",2018-07-08 07:21:24,2018-07-08,"7:21:24"
"45",9,"9A","Psophia crepitans",2018-07-08 08:01:15,2018-07-08,"8:01:15"
"46",11,"11B","Mazama gouazoubira",2018-07-08 08:23:00,2018-07-08,"8:23:00"
"47",19,"19B","Dicotyles tajacu",2018-07-08 08:43:00,2018-07-08,"8:43:00"
"48",21,"21A","Mazama americana",2018-07-08 10:07:28,2018-07-08,"10:07:28"
"49",12,"12A","Dicotyles tajacu",2018-07-08 15:29:46,2018-07-08,"15:29:46"
"50",13,"13A","Psophia crepitans",2018-07-08 15:42:12,2018-07-08,"15:42:12"
"51",18,"18B","Dicotyles tajacu",2018-07-08 16:10:00,2018-07-08,"16:10:00"
"52",3,"3B","Cuniculus paca",2018-07-08 19:50:18,2018-07-08,"19:50:18"
"53",11,"11A","Mazama gouazoubira",2018-07-08 20:23:13,2018-07-08,"20:23:13"
"54",3,"3B","Cuniculus paca",2018-07-08 20:38:24,2018-07-08,"20:38:24"
"55",15,"15B","Mazama gouazoubira",2018-07-08 22:31:32,2018-07-08,"22:31:32"
"56",8,"8A","Cuniculus paca",2018-07-09 02:32:09,2018-07-09,"2:32:09"
"57",2,"2B","Atelocynus microtis",2018-07-09 05:20:15,2018-07-09,"5:20:15"
"58",12,"12A","Dicotyles tajacu",2018-07-09 06:32:51,2018-07-09,"6:32:51"
"59",18,"18A","Psophia crepitans",2018-07-09 08:29:12,2018-07-09,"8:29:12"
"60",21,"21B","Psophia crepitans",2018-07-09 11:04:53,2018-07-09,"11:04:53"
"61",7,"7B","Tayassu pecari",2018-07-09 11:50:15,2018-07-09,"11:50:15"
"62",8,"8A","Dasyprocta fuliginosa",2018-07-09 12:27:51,2018-07-09,"12:27:51"
"63",15,"15B","Eira barbara",2018-07-09 13:02:30,2018-07-09,"13:02:30"
"64",7,"7B","Mitu salvini",2018-07-09 13:34:30,2018-07-09,"13:34:30"
"65",11,"11A","Atelocynus microtis",2018-07-09 15:13:05,2018-07-09,"15:13:05"
"66",16,"16A","Psophia crepitans",2018-07-09 15:27:27,2018-07-09,"15:27:27"
"67",4,"4A","Mitu salvini",2018-07-09 16:59:42,2018-07-09,"16:59:42"
"68",15,"15A","Atelocynus microtis",2018-07-09 18:39:55,2018-07-09,"18:39:55"
"69",29,"29B","Tapirus terrestris",2018-07-09 23:33:57,2018-07-09,"23:33:57"
"70",2,"2B","Cuniculus paca",2018-07-10 00:00:03,2018-07-10,"0:00:03"
"71",29,"29B","Tapirus terrestris",2018-07-10 02:40:09,2018-07-10,"2:40:09"
"72",4,"4B","Crypturellus undulatus",2018-07-10 06:52:21,2018-07-10,"6:52:21"
"73",3,"3A","Nothocrax urumutum",2018-07-10 07:10:53,2018-07-10,"7:10:53"
"74",18,"18A","Panthera onca",2018-07-10 10:21:03,2018-07-10,"10:21:03"
"75",22,"22A","Dasyprocta fuliginosa",2018-07-10 10:54:48,2018-07-10,"10:54:48"
"76",30,"30B","Tayassu pecari",2018-07-10 15:28:01,2018-07-10,"15:28:01"
"77",30,"30A","Dicotyles tajacu",2018-07-10 15:31:36,2018-07-10,"15:31:36"
"78",15,"15B","Dicotyles tajacu",2018-07-10 16:17:23,2018-07-10,"16:17:23"
"79",9,"9A","Psophia crepitans",2018-07-10 16:46:52,2018-07-10,"16:46:52"
"80",29,"29B","Tapirus terrestris",2018-07-10 17:37:57,2018-07-10,"17:37:57"
"81",4,"4B","Crypturellus undulatus",2018-07-10 17:55:52,2018-07-10,"17:55:52"
"82",25,"25A","Myoprocta pratti",2018-07-10 18:01:38,2018-07-10,"18:01:38"
"83",8,"8A","Tapirus terrestris",2018-07-10 18:51:54,2018-07-10,"18:51:54"
"84",21,"21A","Cuniculus paca",2018-07-10 19:01:46,2018-07-10,"19:01:46"
"85",30,"30A","Dasypus novemcinctus",2018-07-10 20:02:01,2018-07-10,"20:02:01"
"86",25,"25A","Cuniculus paca",2018-07-10 21:08:10,2018-07-10,"21:08:10"
"87",22,"22A","Dasypus novemcinctus",2018-07-10 23:16:42,2018-07-10,"23:16:42"
"88",8,"8A","Dasyprocta fuliginosa",2018-07-11 01:09:11,2018-07-11,"1:09:11"
"89",16,"16A","Didelphis marsupialis",2018-07-11 02:54:39,2018-07-11,"2:54:39"
"90",7,"7B","Mazama gouazoubira",2018-07-11 05:03:06,2018-07-11,"5:03:06"
"91",28,"28A","Mazama gouazoubira",2018-07-11 13:45:11,2018-07-11,"13:45:11"
"92",4,"4B","Mitu salvini",2018-07-11 14:04:45,2018-07-11,"14:04:45"
"93",17,"17A","Mazama gouazoubira",2018-07-11 16:50:00,2018-07-11,"16:50:00"
"94",8,"8A","Mazama americana",2018-07-11 18:14:12,2018-07-11,"18:14:12"
"95",18,"18A","Atelocynus microtis",2018-07-11 18:52:48,2018-07-11,"18:52:48"
"96",30,"30B","Mazama americana",2018-07-11 20:57:20,2018-07-11,"20:57:20"
"97",30,"30A","Mazama gouazoubira",2018-07-11 21:00:51,2018-07-11,"21:00:51"
"98",18,"18A","Panthera onca",2018-07-11 22:29:59,2018-07-11,"22:29:59"
"99",22,"22B","Cuniculus paca",2018-07-11 22:43:50,2018-07-11,"22:43:50"
"100",29,"29A","Cuniculus paca",2018-07-11 23:00:03,2018-07-11,"23:00:03"
"101",30,"30A","Dasypus novemcinctus",2018-07-12 00:55:56,2018-07-12,"0:55:56"
"102",2,"2B","Dasypus novemcinctus",2018-07-12 01:31:30,2018-07-12,"1:31:30"
"103",25,"25A","Myoprocta pratti",2018-07-12 07:32:29,2018-07-12,"7:32:29"
"104",3,"3B","Tayassu pecari",2018-07-12 07:59:35,2018-07-12,"7:59:35"
"105",30,"30A","Psophia crepitans",2018-07-12 11:59:05,2018-07-12,"11:59:05"
"106",16,"16A","Mazama gouazoubira",2018-07-12 12:09:14,2018-07-12,"12:09:14"
"107",18,"18A","Leucopternis melanops",2018-07-12 14:48:24,2018-07-12,"14:48:24"
"108",13,"13A","Psophia crepitans",2018-07-12 17:05:48,2018-07-12,"17:05:48"
"109",11,"11A","Myrmecophaga tridactyla",2018-07-12 17:48:11,2018-07-12,"17:48:11"
"110",4,"4B","Cuniculus paca",2018-07-12 19:46:40,2018-07-12,"19:46:40"
"111",22,"22A","Cuniculus paca",2018-07-12 21:53:26,2018-07-12,"21:53:26"
"112",8,"8A","Cuniculus paca",2018-07-13 02:21:06,2018-07-13,"2:21:06"
"113",9,"9A","Mazama americana",2018-07-13 05:04:52,2018-07-13,"5:04:52"
"114",24,"24B","NA NA",2018-07-13 10:23:27,2018-07-13,"10:23:27"
"115",30,"30A","Eira barbara",2018-07-13 11:42:12,2018-07-13,"11:42:12"
"116",13,"13A","Psophia crepitans",2018-07-13 12:16:03,2018-07-13,"12:16:03"
"117",22,"22A","Dasyprocta fuliginosa",2018-07-13 12:28:25,2018-07-13,"12:28:25"
"118",29,"29A","Tayassu pecari",2018-07-13 13:07:55,2018-07-13,"13:07:55"
"119",19,"19A","Dicotyles tajacu",2018-07-13 13:15:12,2018-07-13,"13:15:12"
"120",8,"8A","Mazama gouazoubira",2018-07-13 15:37:58,2018-07-13,"15:37:58"
"121",9,"9B","Mazama americana",2018-07-13 17:06:26,2018-07-13,"17:06:26"
"122",8,"8A","Mazama gouazoubira",2018-07-13 17:16:04,2018-07-13,"17:16:04"
"123",23,"23B","NA NA",2018-07-13 18:01:33,2018-07-13,"18:01:33"
"124",8,"8A","Atelocynus microtis",2018-07-13 19:03:02,2018-07-13,"19:03:02"
"125",23,"23B","Crypturellus undulatus",2018-07-14 06:26:22,2018-07-14,"6:26:22"
"126",18,"18A","Psophia crepitans",2018-07-14 07:29:44,2018-07-14,"7:29:44"
"127",24,"24B","Crypturellus undulatus",2018-07-14 08:16:40,2018-07-14,"8:16:40"
"128",17,"17A","Mazama gouazoubira",2018-07-14 09:57:00,2018-07-14,"9:57:00"
"129",8,"8A","Dasyprocta fuliginosa",2018-07-14 11:28:47,2018-07-14,"11:28:47"
"130",4,"4A","Mazama americana",2018-07-14 11:46:42,2018-07-14,"11:46:42"
"131",24,"24B","Dicotyles tajacu",2018-07-14 13:45:07,2018-07-14,"13:45:07"
"132",18,"18B","Tayassu pecari",2018-07-14 13:47:42,2018-07-14,"13:47:42"
"133",8,"8A","Mazama gouazoubira",2018-07-14 16:29:35,2018-07-14,"16:29:35"
"134",22,"22A","Dasyprocta fuliginosa",2018-07-14 16:43:50,2018-07-14,"16:43:50"
"135",13,"13A","Psophia crepitans",2018-07-14 17:41:08,2018-07-14,"17:41:08"
"136",9,"9A","Mazama americana",2018-07-14 20:21:05,2018-07-14,"20:21:05"
"137",5,"5A","Tapirus terrestris",2018-07-15 00:37:00,2018-07-15,"0:37:00"
"138",1,"1B","Dasypus novemcinctus",2018-07-15 01:08:02,2018-07-15,"1:08:02"
"139",26,"26A","Didelphis marsupialis",2018-07-15 03:21:21,2018-07-15,"3:21:21"
"140",21,"21B","Dasypus novemcinctus",2018-07-15 04:40:53,2018-07-15,"4:40:53"
"141",13,"13A","Psophia crepitans",2018-07-15 06:27:06,2018-07-15,"6:27:06"
"142",11,"11A","Mazama americana",2018-07-15 07:13:34,2018-07-15,"7:13:34"
"143",13,"13A","Dicotyles tajacu",2018-07-15 13:21:30,2018-07-15,"13:21:30"
"144",16,"16A","Leucopternis melanops",2018-07-15 13:49:36,2018-07-15,"13:49:36"
"145",15,"15A","Dasyprocta fuliginosa",2018-07-15 14:54:29,2018-07-15,"14:54:29"
"146",30,"30B","Psophia crepitans",2018-07-15 17:00:20,2018-07-15,"17:00:20"
"147",15,"15B","Myoprocta pratti",2018-07-15 17:53:55,2018-07-15,"17:53:55"
"148",22,"22A","Mitu salvini",2018-07-15 18:00:09,2018-07-15,"18:00:09"
"149",24,"24A","Cuniculus paca",2018-07-15 19:23:32,2018-07-15,"19:23:32"
"150",10,"10A","Dasyprocta fuliginosa",2018-07-15 19:46:23,2018-07-15,"19:46:23"
"151",4,"4B","Cuniculus paca",2018-07-15 20:01:34,2018-07-15,"20:01:34"
"152",22,"22A","Tapirus terrestris",2018-07-16 01:06:58,2018-07-16,"1:06:58"
"153",18,"18A","Tamandua tetradactyla",2018-07-16 03:06:01,2018-07-16,"3:06:01"
"154",5,"5A","NAN NAN",2018-07-16 05:51:00,2018-07-16,"5:51:00"
"155",8,"8A","Mazama americana",2018-07-16 05:57:03,2018-07-16,"5:57:03"
"156",4,"4A","Dicotyles tajacu",2018-07-16 08:38:11,2018-07-16,"8:38:11"
"157",16,"16A","Myrmecophaga tridactyla",2018-07-16 16:51:29,2018-07-16,"16:51:29"
"158",21,"21A","Dasyprocta fuliginosa",2018-07-16 16:56:54,2018-07-16,"16:56:54"
"159",21,"21A","Cuniculus paca",2018-07-16 22:11:42,2018-07-16,"22:11:42"
"160",2,"2B","Mazama gouazoubira",2018-07-16 23:43:43,2018-07-16,"23:43:43"
"161",9,"9A","Mazama americana",2018-07-17 00:55:46,2018-07-17,"0:55:46"
"162",2,"2B","Dasypus novemcinctus",2018-07-17 03:30:19,2018-07-17,"3:30:19"
"163",24,"24A","Cuniculus paca",2018-07-17 03:31:46,2018-07-17,"3:31:46"
"164",4,"4B","Myoprocta pratti",2018-07-17 06:40:49,2018-07-17,"6:40:49"
"165",29,"29A","Mitu salvini",2018-07-17 07:44:19,2018-07-17,"7:44:19"
"166",3,"3A","Eira barbara",2018-07-17 09:04:13,2018-07-17,"9:04:13"
"167",8,"8A","Mazama gouazoubira",2018-07-17 09:41:39,2018-07-17,"9:41:39"
"168",21,"21A","Dasyprocta fuliginosa",2018-07-17 09:59:02,2018-07-17,"9:59:02"
"169",3,"3A","Eira barbara",2018-07-17 11:10:26,2018-07-17,"11:10:26"
"170",11,"11A","Eira barbara",2018-07-17 11:42:08,2018-07-17,"11:42:08"
"171",22,"22A","Mazama gouazoubira",2018-07-17 17:18:34,2018-07-17,"17:18:34"
"172",23,"23B","Cuniculus paca",2018-07-17 22:27:43,2018-07-17,"22:27:43"
"173",22,"22A","Dasyprocta fuliginosa",2018-07-18 06:14:32,2018-07-18,"6:14:32"
"174",2,"2B","Eira barbara",2018-07-18 06:41:17,2018-07-18,"6:41:17"
"175",15,"15B","Mazama gouazoubira",2018-07-18 09:01:40,2018-07-18,"9:01:40"
"176",22,"22A","Dicotyles tajacu",2018-07-18 14:43:38,2018-07-18,"14:43:38"
"177",10,"10A","Eira barbara",2018-07-18 15:18:08,2018-07-18,"15:18:08"
"178",7,"7B","Cebus albifrons",2018-07-18 15:48:57,2018-07-18,"15:48:57"
"179",30,"30B","Dicotyles tajacu",2018-07-18 16:52:04,2018-07-18,"16:52:04"
"180",8,"8B","Mazama gouazoubira",2018-07-18 18:00:20,2018-07-18,"18:00:20"
"181",21,"21A","Cuniculus paca",2018-07-18 23:31:02,2018-07-18,"23:31:02"
"182",21,"21A","Cuniculus paca",2018-07-19 00:09:37,2018-07-19,"0:09:37"
"183",21,"21A","Mazama americana",2018-07-19 02:19:03,2018-07-19,"2:19:03"
"184",22,"22A","Dasyprocta fuliginosa",2018-07-19 07:03:33,2018-07-19,"7:03:33"
"185",15,"15A","NA NA",2018-07-19 08:50:09,2018-07-19,"8:50:09"
"186",7,"7B","Dicotyles tajacu",2018-07-19 09:46:23,2018-07-19,"9:46:23"
"187",13,"13A","Psophia crepitans",2018-07-19 12:39:39,2018-07-19,"12:39:39"
"188",18,"18A","Dicotyles tajacu",2018-07-19 13:08:12,2018-07-19,"13:08:12"
"189",4,"4A","Mazama gouazoubira",2018-07-19 21:04:30,2018-07-19,"21:04:30"
"190",9,"9A","Tapirus terrestris",2018-07-19 21:18:40,2018-07-19,"21:18:40"
"191",4,"4A","Tapirus terrestris",2018-07-19 21:24:46,2018-07-19,"21:24:46"
"192",9,"9A","Tapirus terrestris",2018-07-19 22:45:35,2018-07-19,"22:45:35"
"193",9,"9A","Tapirus terrestris",2018-07-20 01:23:20,2018-07-20,"1:23:20"
"194",24,"24A","Cuniculus paca",2018-07-20 01:55:16,2018-07-20,"1:55:16"
"195",9,"9A","Tapirus terrestris",2018-07-20 02:59:54,2018-07-20,"2:59:54"
"196",13,"13A","Dasyprocta fuliginosa",2018-07-20 06:33:33,2018-07-20,"6:33:33"
"197",12,"12A","Mazama americana",2018-07-20 09:38:34,2018-07-20,"9:38:34"
"198",4,"4B","Dicotyles tajacu",2018-07-20 13:32:38,2018-07-20,"13:32:38"
"199",11,"11A","Mazama gouazoubira",2018-07-20 16:14:51,2018-07-20,"16:14:51"
"200",11,"11A","Mazama gouazoubira",2018-07-20 17:18:03,2018-07-20,"17:18:03"
"201",24,"24A","Mazama americana",2018-07-20 17:23:27,2018-07-20,"17:23:27"
"202",13,"13B","Dasyprocta fuliginosa",2018-07-20 17:29:32,2018-07-20,"17:29:32"
"203",1,"1B","Psophia crepitans",2018-07-20 17:55:05,2018-07-20,"17:55:05"
"204",30,"30B","Dicotyles tajacu",2018-07-20 18:01:16,2018-07-20,"18:01:16"
"205",30,"30B","Tayassu pecari",2018-07-20 18:07:10,2018-07-20,"18:07:10"
"206",8,"8B","NAN NAN",2018-07-20 19:59:25,2018-07-20,"19:59:25"
"207",9,"9B","Tapirus terrestris",2018-07-20 20:44:42,2018-07-20,"20:44:42"
"208",3,"3B","Cuniculus paca",2018-07-21 00:30:13,2018-07-21,"0:30:13"
"209",4,"4B","Tamandua tetradactyla",2018-07-21 03:27:37,2018-07-21,"3:27:37"
"210",9,"9A","Tapirus terrestris",2018-07-21 03:45:29,2018-07-21,"3:45:29"
"211",18,"18A","Mazama americana",2018-07-21 05:09:52,2018-07-21,"5:09:52"
"212",7,"7B","Mitu salvini",2018-07-21 06:07:12,2018-07-21,"6:07:12"
"213",18,"18A","Hadroscirus spadiceus",2018-07-21 07:51:01,2018-07-21,"7:51:01"
"214",7,"7A","Mitu salvini",2018-07-21 10:13:25,2018-07-21,"10:13:25"
"215",7,"7B","Nasua nasua",2018-07-21 10:22:05,2018-07-21,"10:22:05"
"216",13,"13A","Dasyprocta fuliginosa",2018-07-21 10:55:12,2018-07-21,"10:55:12"
"217",13,"13A","Psophia crepitans",2018-07-21 11:08:11,2018-07-21,"11:08:11"
"218",13,"13B","Dasyprocta fuliginosa",2018-07-21 14:41:58,2018-07-21,"14:41:58"
"219",7,"7A","Psophia crepitans",2018-07-21 16:15:44,2018-07-21,"16:15:44"
"220",13,"13A","Mazama gouazoubira",2018-07-21 18:07:05,2018-07-21,"18:07:05"
"221",25,"25A","Atelocynus microtis",2018-07-21 18:58:08,2018-07-21,"18:58:08"
"222",25,"25A","Dicotyles tajacu",2018-07-22 01:53:16,2018-07-22,"1:53:16"
"223",18,"18A","Mazama gouazoubira",2018-07-22 04:14:01,2018-07-22,"4:14:01"
"224",2,"2B","Cuniculus paca",2018-07-22 04:56:32,2018-07-22,"4:56:32"
"225",15,"15B","Tamandua tetradactyla",2018-07-22 05:57:24,2018-07-22,"5:57:24"
"226",25,"25A","Tayassu pecari",2018-07-22 06:20:13,2018-07-22,"6:20:13"
"227",25,"25A","Dicotyles tajacu",2018-07-22 06:35:17,2018-07-22,"6:35:17"
"228",3,"3B","Mazama gouazoubira",2018-07-22 08:42:29,2018-07-22,"8:42:29"
"229",2,"2B","Dasyprocta fuliginosa",2018-07-22 10:13:08,2018-07-22,"10:13:08"
"230",4,"4A","Myrmecophaga tridactyla",2018-07-22 15:32:22,2018-07-22,"15:32:22"
"231",4,"4B","Psophia crepitans",2018-07-22 17:48:07,2018-07-22,"17:48:07"
"232",12,"12B","Cuniculus paca",2018-07-22 21:59:00,2018-07-22,"21:59:00"
"233",2,"2B","Atelocynus microtis",2018-07-23 04:41:22,2018-07-23,"4:41:22"
"234",2,"2B","Tamandua tetradactyla",2018-07-23 05:57:01,2018-07-23,"5:57:01"
"235",2,"2B","Atelocynus microtis",2018-07-23 06:38:49,2018-07-23,"6:38:49"
"236",22,"22A","Dicotyles tajacu",2018-07-23 07:29:59,2018-07-23,"7:29:59"
"237",22,"22A","Dicotyles tajacu",2018-07-23 08:19:35,2018-07-23,"8:19:35"
"238",8,"8B","Mazama gouazoubira",2018-07-23 11:11:36,2018-07-23,"11:11:36"
"239",2,"2A","Panthera onca",2018-07-23 12:30:17,2018-07-23,"12:30:17"
"240",8,"8B","Mazama gouazoubira",2018-07-23 12:53:36,2018-07-23,"12:53:36"
"241",16,"16A","Dasyprocta fuliginosa",2018-07-23 13:03:14,2018-07-23,"13:03:14"
"242",20,"20B","Tayassu pecari",2018-07-23 16:48:36,2018-07-23,"16:48:36"
"243",30,"30B","Mazama gouazoubira",2018-07-24 10:01:32,2018-07-24,"10:01:32"
"244",8,"8B","Mazama gouazoubira",2018-07-24 10:21:28,2018-07-24,"10:21:28"
"245",15,"15A","Mazama gouazoubira",2018-07-24 12:09:03,2018-07-24,"12:09:03"
"246",9,"9B","Psophia crepitans",2018-07-24 17:28:09,2018-07-24,"17:28:09"
"247",24,"24A","Cuniculus paca",2018-07-25 01:18:51,2018-07-25,"1:18:51"
"248",9,"9B","Mazama americana",2018-07-25 05:35:35,2018-07-25,"5:35:35"
"249",7,"7A","Dicotyles tajacu",2018-07-25 05:53:41,2018-07-25,"5:53:41"
"250",24,"24A","Dasyprocta fuliginosa",2018-07-25 06:48:44,2018-07-25,"6:48:44"
"251",8,"8B","Mazama americana",2018-07-25 10:40:16,2018-07-25,"10:40:16"
"252",14,"14A","Dasyprocta fuliginosa",2018-07-25 15:09:13,2018-07-25,"15:09:13"
"253",28,"28A","Psophia crepitans",2018-07-25 16:24:16,2018-07-25,"16:24:16"
"254",2,"2B","Atelocynus microtis",2018-07-26 00:01:40,2018-07-26,"0:01:40"
"255",20,"20B","Dicotyles tajacu",2018-07-26 07:02:36,2018-07-26,"7:02:36"
"256",20,"20A","Tayassu pecari",2018-07-26 07:02:36,2018-07-26,"7:02:36"
"257",8,"8B","Mazama gouazoubira",2018-07-26 09:09:27,2018-07-26,"9:09:27"
"258",21,"21A","Dasyprocta fuliginosa",2018-07-26 12:12:43,2018-07-26,"12:12:43"
"259",8,"8B","Mazama gouazoubira",2018-07-26 15:40:37,2018-07-26,"15:40:37"
"260",12,"12A","Dasyprocta fuliginosa",2018-07-26 16:02:34,2018-07-26,"16:02:34"
"261",12,"12A","Psophia crepitans",2018-07-26 16:05:24,2018-07-26,"16:05:24"
"262",22,"22A","Mitu salvini",2018-07-26 17:09:07,2018-07-26,"17:09:07"
"263",18,"18A","Dasyprocta fuliginosa",2018-07-26 17:41:51,2018-07-26,"17:41:51"
"264",22,"22A","Mazama americana",2018-07-26 21:06:12,2018-07-26,"21:06:12"
"265",24,"24A","Cuniculus paca",2018-07-26 23:37:35,2018-07-26,"23:37:35"
"266",18,"18A","Tayassu pecari",2018-07-27 07:37:51,2018-07-27,"7:37:51"
"267",3,"3A","Myrmecophaga tridactyla",2018-07-27 09:52:14,2018-07-27,"9:52:14"
"268",26,"26B","Dicotyles tajacu",2018-07-27 11:34:34,2018-07-27,"11:34:34"
"269",8,"8B","Mazama americana",2018-07-27 12:32:27,2018-07-27,"12:32:27"
"270",28,"28A","Tayassu pecari",2018-07-27 16:45:01,2018-07-27,"16:45:01"
"271",18,"18A","Dasyprocta fuliginosa",2018-07-27 18:01:51,2018-07-27,"18:01:51"
"272",24,"24A","Cuniculus paca",2018-07-27 19:22:33,2018-07-27,"19:22:33"
"273",21,"21B","Dasypus novemcinctus",2018-07-27 19:24:52,2018-07-27,"19:24:52"
"274",22,"22A","Mazama americana",2018-07-27 21:24:30,2018-07-27,"21:24:30"
"275",3,"3B","Cuniculus paca",2018-07-27 22:36:23,2018-07-27,"22:36:23"
"276",8,"8B","Mazama gouazoubira",2018-07-28 05:05:00,2018-07-28,"5:05:00"
"277",8,"8B","Mazama gouazoubira",2018-07-28 06:16:22,2018-07-28,"6:16:22"
"278",21,"21B","Mitu salvini",2018-07-28 06:30:15,2018-07-28,"6:30:15"
"279",4,"4B","Atelocynus microtis",2018-07-28 06:43:58,2018-07-28,"6:43:58"
"280",8,"8B","Dasyprocta fuliginosa",2018-07-28 07:28:03,2018-07-28,"7:28:03"
"281",13,"13A","Tayassu pecari",2018-07-28 09:26:41,2018-07-28,"9:26:41"
"282",13,"13B","Dicotyles tajacu",2018-07-28 09:27:04,2018-07-28,"9:27:04"
"283",21,"21A","Dasyprocta fuliginosa",2018-07-28 10:53:54,2018-07-28,"10:53:54"
"284",22,"22A","Mazama americana",2018-07-28 12:16:48,2018-07-28,"12:16:48"
"285",25,"25A","Mazama gouazoubira",2018-07-28 12:31:56,2018-07-28,"12:31:56"
"286",14,"14A","Dasyprocta fuliginosa",2018-07-28 17:55:29,2018-07-28,"17:55:29"
"287",30,"30B","Atelocynus microtis",2018-07-28 22:51:48,2018-07-28,"22:51:48"
"288",24,"24A","Cuniculus paca",2018-07-28 22:52:12,2018-07-28,"22:52:12"
"289",17,"17B","Mazama americana",2018-07-29 06:06:32,2018-07-29,"6:06:32"
"290",29,"29A","Tayassu pecari",2018-07-29 09:00:38,2018-07-29,"9:00:38"
"291",15,"15B","Cebus albifrons",2018-07-29 10:19:31,2018-07-29,"10:19:31"
"292",4,"4A","Mazama gouazoubira",2018-07-29 16:33:43,2018-07-29,"16:33:43"
"293",11,"11A","Mazama americana",2018-07-29 16:45:14,2018-07-29,"16:45:14"
"294",16,"16A","Nasua nasua",2018-07-29 16:49:26,2018-07-29,"16:49:26"
"295",4,"4B","Tayassu pecari",2018-07-29 22:01:05,2018-07-29,"22:01:05"
"296",30,"30B","Mazama americana",2018-07-29 23:09:57,2018-07-29,"23:09:57"
"297",18,"18A","Cuniculus paca",2018-07-30 03:50:51,2018-07-30,"3:50:51"
"298",24,"24A","Tinamu major",2018-07-30 06:36:34,2018-07-30,"6:36:34"
"299",24,"24B","Crypturellus undulatus",2018-07-30 06:42:39,2018-07-30,"6:42:39"
"300",22,"22A","Tayassu pecari",2018-07-30 06:55:27,2018-07-30,"6:55:27"
"301",30,"30B","Nothocrax urumutum",2018-07-30 08:04:19,2018-07-30,"8:04:19"
"302",22,"22A","Psophia crepitans",2018-07-30 08:32:12,2018-07-30,"8:32:12"
"303",15,"15A","Dicotyles tajacu",2018-07-30 13:04:26,2018-07-30,"13:04:26"
"304",15,"15B","Tayassu pecari",2018-07-30 13:06:20,2018-07-30,"13:06:20"
"305",13,"13B","Dasyprocta fuliginosa",2018-07-30 16:39:58,2018-07-30,"16:39:58"
"306",2,"2B","Mitu salvini",2018-07-30 18:00:12,2018-07-30,"18:00:12"
"307",15,"15B","Tayassu pecari",2018-07-31 04:14:36,2018-07-31,"4:14:36"
"308",24,"24A","Tinamu major",2018-07-31 06:53:05,2018-07-31,"6:53:05"
"309",22,"22A","Psophia crepitans",2018-07-31 08:06:37,2018-07-31,"8:06:37"
"310",7,"7A","Nothocrax urumutum",2018-07-31 09:42:07,2018-07-31,"9:42:07"
"311",3,"3A","Tayassu pecari",2018-07-31 13:55:06,2018-07-31,"13:55:06"
"312",3,"3A","Dicotyles tajacu",2018-07-31 14:01:31,2018-07-31,"14:01:31"
"313",18,"18A","Dasyprocta fuliginosa",2018-07-31 14:27:51,2018-07-31,"14:27:51"
"314",9,"9A","Mazama gouazoubira",2018-07-31 15:05:53,2018-07-31,"15:05:53"
"315",24,"24B","Cuniculus paca",2018-07-31 20:51:41,2018-07-31,"20:51:41"
"316",22,"22A","Cuniculus paca",2018-07-31 21:50:53,2018-07-31,"21:50:53"
"317",17,"17A","Mazama americana",2018-08-01 06:40:00,2018-08-01,"6:40:00"
"318",8,"8B","Mazama americana",2018-08-01 08:11:39,2018-08-01,"8:11:39"
"319",19,"19A","Tayassu pecari",2018-08-01 10:34:41,2018-08-01,"10:34:41"
"320",2,"2A","Leucopternis melanops",2018-08-01 12:18:30,2018-08-01,"12:18:30"
"321",8,"8B","Dicotyles tajacu",2018-08-01 12:40:05,2018-08-01,"12:40:05"
"322",9,"9B","Psophia crepitans",2018-08-01 15:41:29,2018-08-01,"15:41:29"
"323",4,"4B","Nothocrax urumutum",2018-08-01 17:40:23,2018-08-01,"17:40:23"
"324",9,"9B","Tapirus terrestris",2018-08-01 20:20:39,2018-08-01,"20:20:39"
"325",15,"15A","Mazama gouazoubira",2018-08-02 01:50:14,2018-08-02,"1:50:14"
"326",9,"9B","Tapirus terrestris",2018-08-02 06:21:50,2018-08-02,"6:21:50"
"327",9,"9A","Nasua nasua",2018-08-02 06:56:27,2018-08-02,"6:56:27"
"328",24,"24A","Tayassu pecari",2018-08-02 08:28:57,2018-08-02,"8:28:57"
"329",24,"24B","Dicotyles tajacu",2018-08-02 08:34:42,2018-08-02,"8:34:42"
"330",30,"30B","Mazama gouazoubira",2018-08-02 10:58:30,2018-08-02,"10:58:30"
"331",9,"9A","NA NA",2018-08-02 14:36:10,2018-08-02,"14:36:10"
"332",28,"28A","Mazama gouazoubira",2018-08-02 18:22:49,2018-08-02,"18:22:49"
"333",2,"2B","Cuniculus paca",2018-08-02 19:35:41,2018-08-02,"19:35:41"
"334",9,"9A","Dasypus novemcinctus",2018-08-02 19:48:53,2018-08-02,"19:48:53"
"335",3,"3B","Cuniculus paca",2018-08-02 19:55:49,2018-08-02,"19:55:49"
"336",18,"18A","Atelocynus microtis",2018-08-02 20:38:51,2018-08-02,"20:38:51"
"337",2,"2B","Atelocynus microtis",2018-08-03 01:40:02,2018-08-03,"1:40:02"
"338",1,"1B","Psophia crepitans",2018-08-03 06:38:53,2018-08-03,"6:38:53"
"339",10,"10B","Dicotyles tajacu",2018-08-03 11:07:57,2018-08-03,"11:07:57"
"340",9,"9A","Mazama americana",2018-08-03 12:13:17,2018-08-03,"12:13:17"
"341",13,"13A","Psophia crepitans",2018-08-03 13:58:11,2018-08-03,"13:58:11"
"342",18,"18A","Psophia crepitans",2018-08-03 17:16:51,2018-08-03,"17:16:51"
"343",18,"18A","NA NA",2018-08-03 18:04:51,2018-08-03,"18:04:51"
"344",15,"15B","Mazama gouazoubira",2018-08-04 03:20:15,2018-08-04,"3:20:15"
"345",18,"18A","NAN NAN",2018-08-04 04:29:51,2018-08-04,"4:29:51"
"346",30,"30B","Atelocynus microtis",2018-08-04 05:30:47,2018-08-04,"5:30:47"
"347",29,"29A","Mitu salvini",2018-08-04 08:58:11,2018-08-04,"8:58:11"
"348",8,"8B","Dicotyles tajacu",2018-08-04 10:11:33,2018-08-04,"10:11:33"
"349",29,"29A","Mitu salvini",2018-08-04 10:21:48,2018-08-04,"10:21:48"
"350",22,"22A","Dasyprocta fuliginosa",2018-08-04 11:15:35,2018-08-04,"11:15:35"
"351",22,"22A","Dasyprocta fuliginosa",2018-08-04 14:44:57,2018-08-04,"14:44:57"
"352",2,"2B","Atelocynus microtis",2018-08-04 17:35:23,2018-08-04,"17:35:23"
"353",13,"13A","Dasypus novemcinctus",2018-08-04 21:42:38,2018-08-04,"21:42:38"
"354",17,"17A","Mazama americana",2018-08-04 22:05:00,2018-08-04,"22:05:00"
"355",25,"25A","Leopardus pardalis",2018-08-05 02:16:16,2018-08-05,"2:16:16"
"356",1,"1B","Psophia crepitans",2018-08-05 06:28:33,2018-08-05,"6:28:33"
"357",16,"16A","Mazama gouazoubira",2018-08-05 07:32:41,2018-08-05,"7:32:41"
"358",8,"8B","Mazama gouazoubira",2018-08-05 07:44:58,2018-08-05,"7:44:58"
"359",29,"29A","Mitu salvini",2018-08-05 10:55:47,2018-08-05,"10:55:47"
"360",18,"18A","Dasyprocta fuliginosa",2018-08-05 13:06:51,2018-08-05,"13:06:51"
"361",28,"28A","Myrmecophaga tridactyla",2018-08-05 15:40:23,2018-08-05,"15:40:23"
"362",29,"29A","Nothocrax urumutum",2018-08-05 17:14:03,2018-08-05,"17:14:03"
"363",14,"14A","Cuniculus paca",2018-08-05 23:41:56,2018-08-05,"23:41:56"
"364",25,"25A","Dicotyles tajacu",2018-08-06 06:01:30,2018-08-06,"6:01:30"
"365",25,"25A","Tayassu pecari",2018-08-06 06:04:12,2018-08-06,"6:04:12"
"366",23,"23B","NA NA",2018-08-06 06:21:49,2018-08-06,"6:21:49"
"367",25,"25A","Tayassu pecari",2018-08-06 06:36:27,2018-08-06,"6:36:27"
"368",25,"25A","Dasyprocta fuliginosa",2018-08-06 06:52:50,2018-08-06,"6:52:50"
"369",10,"10B","Dicotyles tajacu",2018-08-06 09:36:29,2018-08-06,"9:36:29"
"370",10,"10A","Dicotyles tajacu",2018-08-06 09:40:00,2018-08-06,"9:40:00"
"371",4,"4A","NA NA",2018-08-06 16:57:10,2018-08-06,"16:57:10"
"372",4,"4A","Psophia crepitans",2018-08-06 17:15:32,2018-08-06,"17:15:32"
"373",21,"21B","Dasypus novemcinctus",2018-08-06 19:08:04,2018-08-06,"19:08:04"
"374",24,"24A","Cuniculus paca",2018-08-06 20:04:05,2018-08-06,"20:04:05"
"375",24,"24A","Cuniculus paca",2018-08-07 00:33:24,2018-08-07,"0:33:24"
"376",4,"4A","Psophia crepitans",2018-08-07 11:13:36,2018-08-07,"11:13:36"
"377",8,"8B","Mazama gouazoubira",2018-08-07 14:17:08,2018-08-07,"14:17:08"
"378",4,"4A","Mazama americana",2018-08-07 15:58:03,2018-08-07,"15:58:03"
"379",4,"4B","Mazama americana",2018-08-07 17:29:38,2018-08-07,"17:29:38"
"380",25,"25A","Dasyprocta fuliginosa",2018-08-07 18:06:27,2018-08-07,"18:06:27"
"381",9,"9A","Cuniculus paca",2018-08-07 20:51:15,2018-08-07,"20:51:15"
"382",4,"4A","Tayassu pecari",2018-08-08 11:02:30,2018-08-08,"11:02:30"
"383",24,"24A","Dasyprocta fuliginosa",2018-08-08 12:20:35,2018-08-08,"12:20:35"
"384",21,"21B","Nasua nasua",2018-08-08 14:20:23,2018-08-08,"14:20:23"
"385",18,"18A","Dasyprocta fuliginosa",2018-08-08 17:32:51,2018-08-08,"17:32:51"
"386",4,"4A","Nasua nasua",2018-08-08 18:15:54,2018-08-08,"18:15:54"
"387",4,"4B","Cebus albifrons",2018-08-08 18:16:30,2018-08-08,"18:16:30"
"388",24,"24A","Cuniculus paca",2018-08-08 22:34:01,2018-08-08,"22:34:01"
"389",30,"30B","Mazama gouazoubira",2018-08-09 03:06:46,2018-08-09,"3:06:46"
"390",8,"8B","Tapirus terrestris",2018-08-09 07:28:13,2018-08-09,"7:28:13"
"391",17,"17B","Psophia crepitans",2018-08-09 09:32:50,2018-08-09,"9:32:50"
"392",2,"2B","Dasyprocta fuliginosa",2018-08-09 11:29:07,2018-08-09,"11:29:07"
"393",4,"4A","Tayassu pecari",2018-08-09 12:40:47,2018-08-09,"12:40:47"
"394",9,"9A","Dicotyles tajacu",2018-08-09 14:55:33,2018-08-09,"14:55:33"
"395",9,"9B","Dasyprocta fuliginosa",2018-08-09 15:02:51,2018-08-09,"15:02:51"
"396",25,"25A","Mitu salvini",2018-08-09 17:53:40,2018-08-09,"17:53:40"
"397",17,"17A","Psophia crepitans",2018-08-10 02:23:00,2018-08-10,"2:23:00"
"398",16,"16A","Mazama gouazoubira",2018-08-10 06:35:37,2018-08-10,"6:35:37"
"399",4,"4A","Dicotyles tajacu",2018-08-10 15:11:20,2018-08-10,"15:11:20"
"400",13,"13A","Mazama gouazoubira",2018-08-10 16:28:00,2018-08-10,"16:28:00"
"401",29,"29A","Tapirus terrestris",2018-08-10 21:39:09,2018-08-10,"21:39:09"
"402",24,"24A","Cuniculus paca",2018-08-10 22:32:02,2018-08-10,"22:32:02"
"403",14,"14A","Dasypus novemcinctus",2018-08-10 23:24:19,2018-08-10,"23:24:19"
"404",29,"29A","Tapirus terrestris",2018-08-11 00:00:57,2018-08-11,"0:00:57"
"405",24,"24A","Tapirus terrestris",2018-08-11 06:38:52,2018-08-11,"6:38:52"
"406",10,"10B","Puma concolor",2018-08-11 09:10:49,2018-08-11,"9:10:49"
"407",28,"28A","Dicotyles tajacu",2018-08-11 09:23:34,2018-08-11,"9:23:34"
"408",28,"28A","Dicotyles tajacu",2018-08-11 12:15:19,2018-08-11,"12:15:19"
"409",20,"20B","Myrmecophaga tridactyla",2018-08-11 13:30:36,2018-08-11,"13:30:36"
"410",24,"24A","Myrmecophaga tridactyla",2018-08-11 16:36:48,2018-08-11,"16:36:48"
"411",3,"3B","Cuniculus paca",2018-08-12 00:20:19,2018-08-12,"0:20:19"
"412",8,"8A","Cuniculus paca",2018-08-12 00:59:09,2018-08-12,"0:59:09"
"413",24,"24A","Penelope jacquacu",2018-08-12 13:25:56,2018-08-12,"13:25:56"
"414",10,"10B","Dicotyles tajacu",2018-08-12 16:40:36,2018-08-12,"16:40:36"
"415",21,"21B","Leopardus pardalis",2018-08-12 21:45:34,2018-08-12,"21:45:34"
"416",13,"13A","Mazama gouazoubira",2018-08-12 22:05:00,2018-08-12,"22:05:00"
"417",22,"22A","Cuniculus paca",2018-08-12 22:20:06,2018-08-12,"22:20:06"
"418",22,"22A","Leopardus pardalis",2018-08-13 00:06:51,2018-08-13,"0:06:51"
"419",12,"12A","Tamandua tetradactyla",2018-08-13 04:16:24,2018-08-13,"4:16:24"
"420",18,"18B","Tamandua tetradactyla",2018-08-13 05:28:00,2018-08-13,"5:28:00"
"421",3,"3B","Mitu salvini",2018-08-13 16:27:26,2018-08-13,"16:27:26"
"422",9,"9A","NAN NAN",2018-08-13 20:50:56,2018-08-13,"20:50:56"
"423",9,"9A","NA NA",2018-08-13 20:50:56,2018-08-13,"20:50:56"
"424",3,"3B","Cuniculus paca",2018-08-13 22:50:24,2018-08-13,"22:50:24"
"425",22,"22A","Dasyprocta fuliginosa",2018-08-14 08:07:08,2018-08-14,"8:07:08"
"426",8,"8A","Dicotyles tajacu",2018-08-14 09:39:12,2018-08-14,"9:39:12"
"427",22,"22A","Dasyprocta fuliginosa",2018-08-14 11:08:04,2018-08-14,"11:08:04"
"428",22,"22A","Dasyprocta fuliginosa",2018-08-14 11:51:14,2018-08-14,"11:51:14"
"429",23,"23B","Tayassu pecari",2018-08-14 11:58:14,2018-08-14,"11:58:14"
"430",4,"4A","Psophia crepitans",2018-08-14 13:47:01,2018-08-14,"13:47:01"
"431",13,"13B","Dasyprocta fuliginosa",2018-08-14 16:03:49,2018-08-14,"16:03:49"
"432",18,"18B","Dasyprocta fuliginosa",2018-08-14 16:05:00,2018-08-14,"16:05:00"
"433",2,"2B","Atelocynus microtis",2018-08-14 18:49:50,2018-08-14,"18:49:50"
"434",4,"4A","Cuniculus paca",2018-08-14 20:09:17,2018-08-14,"20:09:17"
"435",14,"14B","Dasypus novemcinctus",2018-08-15 00:01:00,2018-08-15,"0:01:00"
"436",2,"2B","Dasypus novemcinctus",2018-08-15 02:00:12,2018-08-15,"2:00:12"
"437",13,"13A","Psophia crepitans",2018-08-15 08:17:06,2018-08-15,"8:17:06"
"438",29,"29A","Mitu salvini",2018-08-15 09:23:19,2018-08-15,"9:23:19"
"439",28,"28A","Tayassu pecari",2018-08-15 13:54:21,2018-08-15,"13:54:21"
"440",24,"24A","Penelope jacquacu",2018-08-15 14:23:14,2018-08-15,"14:23:14"
"441",13,"13A","Myrmecophaga tridactyla",2018-08-15 14:32:00,2018-08-15,"14:32:00"
"442",25,"25A","Atelocynus microtis",2018-08-15 17:21:41,2018-08-15,"17:21:41"
"443",30,"30B","Atelocynus microtis",2018-08-15 19:41:48,2018-08-15,"19:41:48"
"444",4,"4A","Cuniculus paca",2018-08-15 22:20:21,2018-08-15,"22:20:21"
"445",14,"14A","Dasypus novemcinctus",2018-08-16 06:15:00,2018-08-16,"6:15:00"
"446",13,"13A","NA NA",2018-08-16 06:40:22,2018-08-16,"6:40:22"
"447",4,"4A","Tayassu pecari",2018-08-16 06:53:45,2018-08-16,"6:53:45"
"448",13,"13A","Psophia crepitans",2018-08-16 09:58:50,2018-08-16,"9:58:50"
"449",23,"23B","Dicotyles tajacu",2018-08-16 15:38:42,2018-08-16,"15:38:42"
"450",18,"18A","Tapirus terrestris",2018-08-16 22:40:51,2018-08-16,"22:40:51"
"451",7,"7A","Tayassu pecari",2018-08-17 07:18:50,2018-08-17,"7:18:50"
"452",23,"23B","NA NA",2018-08-17 17:33:43,2018-08-17,"17:33:43"
"453",21,"21B","Nothocrax urumutum",2018-08-17 18:03:25,2018-08-17,"18:03:25"
"454",22,"22A","Tapirus terrestris",2018-08-18 04:35:57,2018-08-18,"4:35:57"
"455",22,"22A","Mazama gouazoubira",2018-08-18 04:42:35,2018-08-18,"4:42:35"
"456",21,"21B","Mazama gouazoubira",2018-08-18 07:13:13,2018-08-18,"7:13:13"
"457",3,"3A","Tayassu pecari",2018-08-18 09:22:07,2018-08-18,"9:22:07"
"458",13,"13B","Mazama americana",2018-08-18 12:09:05,2018-08-18,"12:09:05"
"459",4,"4A","Atelocynus microtis",2018-08-19 06:37:43,2018-08-19,"6:37:43"
"460",4,"4A","Dicotyles tajacu",2018-08-19 09:09:05,2018-08-19,"9:09:05"
"461",18,"18B","Panthera onca",2018-08-19 10:13:00,2018-08-19,"10:13:00"
"462",16,"16A","Eira barbara",2018-08-19 11:46:17,2018-08-19,"11:46:17"
"463",16,"16B","Atelocynus microtis",2018-08-19 11:49:27,2018-08-19,"11:49:27"
"464",13,"13B","Mazama gouazoubira",2018-08-19 18:11:26,2018-08-19,"18:11:26"
"465",21,"21B","Atelocynus microtis",2018-08-20 09:54:21,2018-08-20,"9:54:21"
"466",4,"4A","Psophia crepitans",2018-08-20 15:45:16,2018-08-20,"15:45:16"
"467",25,"25A","Myoprocta pratti",2018-08-20 18:21:32,2018-08-20,"18:21:32"
"468",9,"9A","Dicotyles tajacu",2018-08-21 00:11:25,2018-08-21,"0:11:25"
"469",7,"7A","Mitu salvini",2018-08-21 07:37:19,2018-08-21,"7:37:19"
"470",8,"8A","Nothocrax urumutum",2018-08-21 07:47:32,2018-08-21,"7:47:32"
"471",8,"8B","Mitu salvini",2018-08-21 07:48:30,2018-08-21,"7:48:30"
"472",18,"18B","Dasyprocta fuliginosa",2018-08-21 13:43:00,2018-08-21,"13:43:00"
"473",16,"16A","Eira barbara",2018-08-21 14:43:38,2018-08-21,"14:43:38"
"474",18,"18A","Dasyprocta fuliginosa",2018-08-21 17:42:51,2018-08-21,"17:42:51"
"475",3,"3A","NAN NAN",2018-08-21 20:31:42,2018-08-21,"20:31:42"
"476",9,"9A","Dasypus novemcinctus",2018-08-22 04:30:31,2018-08-22,"4:30:31"
"477",22,"22A","Nasua nasua",2018-08-22 08:29:00,2018-08-22,"8:29:00"
"478",28,"28A","Dicotyles tajacu",2018-08-22 09:20:51,2018-08-22,"9:20:51"
"479",22,"22A","Dicotyles tajacu",2018-08-22 13:05:00,2018-08-22,"13:05:00"
"480",22,"22A","Atelocynus microtis",2018-08-22 18:52:00,2018-08-22,"18:52:00"
"481",30,"30B","Mazama americana",2018-08-22 19:32:49,2018-08-22,"19:32:49"
"482",24,"24A","Cuniculus paca",2018-08-23 03:16:17,2018-08-23,"3:16:17"
"483",13,"13B","Myrmecophaga tridactyla",2018-08-23 10:08:48,2018-08-23,"10:08:48"
"484",25,"25A","Penelope jacquacu",2018-08-23 12:14:06,2018-08-23,"12:14:06"
"485",3,"3A","Psophia crepitans",2018-08-23 13:28:25,2018-08-23,"13:28:25"
"486",28,"28A","Mazama gouazoubira",2018-08-23 17:17:40,2018-08-23,"17:17:40"
"487",21,"21B","Mazama americana",2018-08-23 18:10:14,2018-08-23,"18:10:14"
"488",18,"18A","Cuniculus paca",2018-08-24 01:29:51,2018-08-24,"1:29:51"
"489",30,"30B","Mazama americana",2018-08-24 02:58:18,2018-08-24,"2:58:18"
"490",26,"26B","Mazama gouazoubira",2018-08-24 07:20:26,2018-08-24,"7:20:26"
"491",7,"7A","Dicotyles tajacu",2018-08-24 12:10:41,2018-08-24,"12:10:41"
"492",7,"7A","Tayassu pecari",2018-08-24 12:14:47,2018-08-24,"12:14:47"
"493",23,"23B","Atelocynus microtis",2018-08-24 13:42:44,2018-08-24,"13:42:44"
"494",4,"4A","Nothocrax urumutum",2018-08-24 16:56:04,2018-08-24,"16:56:04"
"495",17,"17B","Dicotyles tajacu",2018-08-24 17:44:45,2018-08-24,"17:44:45"
"496",17,"17B","Mazama americana",2018-08-24 19:06:56,2018-08-24,"19:06:56"
"497",17,"17B","Dicotyles tajacu",2018-08-25 02:23:28,2018-08-25,"2:23:28"
"498",17,"17A","Dicotyles tajacu",2018-08-25 10:34:00,2018-08-25,"10:34:00"
"499",12,"12A","Penelope jacquacu",2018-08-25 12:58:20,2018-08-25,"12:58:20"
"500",9,"9A","Penelope jacquacu",2018-08-25 14:26:30,2018-08-25,"14:26:30"
"501",8,"8A","Tinamu major",2018-08-25 17:17:24,2018-08-25,"17:17:24"
"502",17,"17A","Dicotyles tajacu",2018-08-25 19:12:00,2018-08-25,"19:12:00"
"503",24,"24B","Tayassu pecari",2018-08-26 14:31:57,2018-08-26,"14:31:57"
"504",24,"24B","Dicotyles tajacu",2018-08-26 14:36:02,2018-08-26,"14:36:02"
"505",18,"18A","Cuniculus paca",2018-08-26 19:16:51,2018-08-26,"19:16:51"
"506",9,"9A","Mazama gouazoubira",2018-08-27 01:40:34,2018-08-27,"1:40:34"
"507",15,"15A","Atelocynus microtis",2018-08-27 09:29:15,2018-08-27,"9:29:15"
"508",7,"7A","Eira barbara",2018-08-27 17:31:00,2018-08-27,"17:31:00"
"509",15,"15B","Atelocynus microtis",2018-08-27 17:47:15,2018-08-27,"17:47:15"
"510",9,"9A","Mitu salvini",2018-08-27 17:49:59,2018-08-27,"17:49:59"
"511",7,"7A","Mitu salvini",2018-08-27 18:49:00,2018-08-27,"18:49:00"
"512",7,"7A","Atelocynus microtis",2018-08-28 12:05:00,2018-08-28,"12:05:00"
"513",1,"1B","Atelocynus microtis",2018-08-28 12:14:20,2018-08-28,"12:14:20"
"514",8,"8B","Mitu salvini",2018-08-28 14:12:25,2018-08-28,"14:12:25"
"515",9,"9A","Mitu salvini",2018-08-28 17:11:41,2018-08-28,"17:11:41"
"516",29,"29A","Dasyprocta fuliginosa",2018-08-28 17:46:05,2018-08-28,"17:46:05"
"517",8,"8A","NA NA",2018-08-29 07:29:19,2018-08-29,"7:29:19"
"518",16,"16A","Psophia crepitans",2018-08-29 08:32:31,2018-08-29,"8:32:31"
"519",17,"17B","Dicotyles tajacu",2018-08-29 11:50:40,2018-08-29,"11:50:40"
"520",4,"4A","Dicotyles tajacu",2018-08-30 05:44:02,2018-08-30,"5:44:02"
"521",12,"12A","Saguinus graellsi",2018-08-30 09:10:34,2018-08-30,"9:10:34"
"522",20,"20B","Dicotyles tajacu",2018-08-30 09:17:36,2018-08-30,"9:17:36"
"523",20,"20B","Dicotyles tajacu",2018-08-30 09:55:36,2018-08-30,"9:55:36"
"524",18,"18A","Psophia crepitans",2018-08-30 13:43:51,2018-08-30,"13:43:51"
"525",3,"3A","Mazama gouazoubira",2018-08-30 14:21:43,2018-08-30,"14:21:43"
"526",18,"18B","Dicotyles tajacu",2018-08-30 16:42:00,2018-08-30,"16:42:00"
"527",22,"22A","NA NA",2018-08-30 18:48:31,2018-08-30,"18:48:31"
"528",3,"3B","Cuniculus paca",2018-08-30 19:19:50,2018-08-30,"19:19:50"
"529",29,"29A","Priodontes maximus",2018-08-30 21:43:47,2018-08-30,"21:43:47"
"530",29,"29A","Dasyprocta fuliginosa",2018-08-31 14:33:01,2018-08-31,"14:33:01"
"531",17,"17B","NA NA",2018-08-31 16:11:40,2018-08-31,"16:11:40"
"532",9,"9A","Psophia crepitans",2018-08-31 16:51:43,2018-08-31,"16:51:43"
"533",8,"8A","Leopardus pardalis",2018-08-31 23:26:01,2018-08-31,"23:26:01"
"534",28,"28A","Tayassu pecari",2018-09-01 08:03:45,2018-09-01,"8:03:45"
"535",18,"18B","Mitu salvini",2018-09-01 09:33:00,2018-09-01,"9:33:00"
"536",4,"4B","Cuniculus paca",2018-09-01 20:32:29,2018-09-01,"20:32:29"
"537",24,"24A","Tapirus terrestris",2018-09-01 20:38:00,2018-09-01,"20:38:00"
"538",18,"18A","Atelocynus microtis",2018-09-02 03:43:51,2018-09-02,"3:43:51"
"539",28,"28A","Mazama americana",2018-09-02 03:46:18,2018-09-02,"3:46:18"
"540",28,"28A","Mazama americana",2018-09-02 04:18:21,2018-09-02,"4:18:21"
"541",9,"9A","Eira barbara",2018-09-02 16:07:00,2018-09-02,"16:07:00"
"542",8,"8A","Crypturellus undulatus",2018-09-02 16:10:31,2018-09-02,"16:10:31"
"543",15,"15A","Atelocynus microtis",2018-09-02 20:01:55,2018-09-02,"20:01:55"
"544",1,"1B","Cuniculus paca",2018-09-03 00:56:07,2018-09-03,"0:56:07"
"545",4,"4A","Atelocynus microtis",2018-09-03 08:51:34,2018-09-03,"8:51:34"
"546",2,"2A","Psophia crepitans",2018-09-03 15:17:26,2018-09-03,"15:17:26"
"547",15,"15A","Myrmecophaga tridactyla",2018-09-03 20:02:32,2018-09-03,"20:02:32"
"548",22,"22A","Tayassu pecari",2018-09-03 22:05:35,2018-09-03,"22:05:35"
"549",22,"22A","Dicotyles tajacu",2018-09-03 22:13:42,2018-09-03,"22:13:42"
"550",22,"22A","Psophia crepitans",2018-09-04 04:30:46,2018-09-04,"4:30:46"
"551",8,"8B","Cebus albifrons",2018-09-04 06:58:54,2018-09-04,"6:58:54"
"552",28,"28A","Tayassu pecari",2018-09-04 13:36:59,2018-09-04,"13:36:59"
"553",22,"22A","Puma concolor",2018-09-04 19:27:42,2018-09-04,"19:27:42"
"554",15,"15A","Panthera onca",2018-09-04 22:35:22,2018-09-04,"22:35:22"
"555",13,"13B","Cuniculus paca",2018-09-05 02:17:53,2018-09-05,"2:17:53"
"556",22,"22A","Dicotyles tajacu",2018-09-05 04:00:53,2018-09-05,"4:00:53"
"557",18,"18B","Panthera onca",2018-09-05 08:30:00,2018-09-05,"8:30:00"
"558",17,"17B","NA NA",2018-09-05 10:54:01,2018-09-05,"10:54:01"
"559",4,"4A","Mazama americana",2018-09-05 11:26:39,2018-09-05,"11:26:39"
"560",4,"4B","Mazama gouazoubira",2018-09-05 11:28:10,2018-09-05,"11:28:10"
"561",18,"18B","Panthera onca",2018-09-05 12:31:00,2018-09-05,"12:31:00"
"562",13,"13B","Nothocrax urumutum",2018-09-05 12:48:52,2018-09-05,"12:48:52"
"563",24,"24B","Eira barbara",2018-09-05 15:12:40,2018-09-05,"15:12:40"
"564",17,"17B","NA NA",2018-09-05 16:45:58,2018-09-05,"16:45:58"
"565",9,"9B","Nothocrax urumutum",2018-09-05 18:02:36,2018-09-05,"18:02:36"
"566",15,"15A","Cuniculus paca",2018-09-05 19:00:19,2018-09-05,"19:00:19"
"567",4,"4B","Cuniculus paca",2018-09-05 19:18:35,2018-09-05,"19:18:35"
"568",12,"12A","Tapirus terrestris",2018-09-05 19:36:49,2018-09-05,"19:36:49"
"569",4,"4A","Dasypus novemcinctus",2018-09-05 20:18:24,2018-09-05,"20:18:24"
"570",13,"13B","Mazama americana",2018-09-06 08:09:10,2018-09-06,"8:09:10"
"571",17,"17B","NA NA",2018-09-06 13:05:06,2018-09-06,"13:05:06"
"572",17,"17B","Cuniculus paca",2018-09-06 19:12:54,2018-09-06,"19:12:54"
"573",3,"3B","Cuniculus paca",2018-09-06 22:29:46,2018-09-06,"22:29:46"
"574",3,"3A","Cuniculus paca",2018-09-06 23:14:05,2018-09-06,"23:14:05"
"575",3,"3B","Eira barbara",2018-09-07 08:24:37,2018-09-07,"8:24:37"
"576",4,"4A","Panthera onca",2018-09-07 09:37:26,2018-09-07,"9:37:26"
"577",4,"4A","Dicotyles tajacu",2018-09-07 12:24:45,2018-09-07,"12:24:45"
"578",30,"30B","Mazama gouazoubira",2018-09-07 12:48:38,2018-09-07,"12:48:38"
"579",9,"9A","Psophia crepitans",2018-09-07 14:42:48,2018-09-07,"14:42:48"
"580",4,"4B","Dasyprocta fuliginosa",2018-09-07 19:53:07,2018-09-07,"19:53:07"
"581",18,"18B","Leopardus pardalis",2018-09-07 22:35:00,2018-09-07,"22:35:00"
"582",4,"4A","Psophia crepitans",2018-09-08 09:07:20,2018-09-08,"9:07:20"
"583",13,"13B","Mazama americana",2018-09-08 09:30:50,2018-09-08,"9:30:50"
"584",24,"24B","Penelope jacquacu",2018-09-08 11:05:41,2018-09-08,"11:05:41"
"585",13,"13B","Psophia crepitans",2018-09-08 13:36:21,2018-09-08,"13:36:21"
"586",21,"21B","Psophia crepitans",2018-09-08 14:31:48,2018-09-08,"14:31:48"
"587",12,"12A","Dicotyles tajacu",2018-09-08 16:58:56,2018-09-08,"16:58:56"
"588",28,"28A","Mitu salvini",2018-09-08 17:36:06,2018-09-08,"17:36:06"
"589",15,"15B","Mazama gouazoubira",2018-09-09 00:10:32,2018-09-09,"0:10:32"
"590",18,"18A","Cuniculus paca",2018-09-09 03:36:51,2018-09-09,"3:36:51"
"591",18,"18A","Crypturellus undulatus",2018-09-09 06:21:51,2018-09-09,"6:21:51"
"592",4,"4B","Tayassu pecari",2018-09-09 08:04:47,2018-09-09,"8:04:47"
"593",18,"18A","NA NA",2018-09-09 10:02:51,2018-09-09,"10:02:51"
"594",17,"17B","Penelope jacquacu",2018-09-09 15:05:04,2018-09-09,"15:05:04"
"595",8,"8A","Puma concolor",2018-09-09 15:20:29,2018-09-09,"15:20:29"
"596",15,"15B","Penelope jacquacu",2018-09-10 07:49:16,2018-09-10,"7:49:16"
"597",13,"13B","Mazama americana",2018-09-10 20:35:00,2018-09-10,"20:35:00"
"598",17,"17B","Mazama gouazoubira",2018-09-11 02:17:18,2018-09-11,"2:17:18"
"599",28,"28A","Dicotyles tajacu",2018-09-11 08:09:43,2018-09-11,"8:09:43"
"600",17,"17A","Mazama gouazoubira",2018-09-11 19:05:00,2018-09-11,"19:05:00"
"601",22,"22A","Dicotyles tajacu",2018-09-11 19:22:10,2018-09-11,"19:22:10"
"602",4,"4A","Dasypus novemcinctus",2018-09-12 02:16:08,2018-09-12,"2:16:08"
"603",28,"28A","Dicotyles tajacu",2018-09-12 08:14:24,2018-09-12,"8:14:24"
"604",4,"4A","Dicotyles tajacu",2018-09-12 09:14:56,2018-09-12,"9:14:56"
"605",28,"28A","Dicotyles tajacu",2018-09-12 11:12:45,2018-09-12,"11:12:45"
"606",8,"8A","Dasyprocta fuliginosa",2018-09-12 16:13:23,2018-09-12,"16:13:23"
"607",8,"8B","Dicotyles tajacu",2018-09-12 16:14:12,2018-09-12,"16:14:12"
"608",17,"17A","Dasypus novemcinctus",2018-09-12 20:26:00,2018-09-12,"20:26:00"
"609",9,"9A","Dasypus novemcinctus",2018-09-13 03:29:15,2018-09-13,"3:29:15"
"610",22,"22A","Cuniculus paca",2018-09-13 08:36:25,2018-09-13,"8:36:25"
"611",13,"13B","Penelope jacquacu",2018-09-13 14:46:44,2018-09-13,"14:46:44"
"612",12,"12A","Eira barbara",2018-09-13 16:13:28,2018-09-13,"16:13:28"
"613",24,"24B","Crypturellus undulatus",2018-09-13 17:36:49,2018-09-13,"17:36:49"
"614",18,"18A","NA NA",2018-09-13 17:37:51,2018-09-13,"17:37:51"
"615",24,"24B","Tapirus terrestris",2018-09-13 22:20:54,2018-09-13,"22:20:54"
"616",24,"24B","Tapirus terrestris",2018-09-14 00:43:42,2018-09-14,"0:43:42"
"617",18,"18A","Psophia crepitans",2018-09-14 08:33:51,2018-09-14,"8:33:51"
"618",18,"18B","Psophia crepitans",2018-09-14 08:35:00,2018-09-14,"8:35:00"
"619",22,"22A","Dasyprocta fuliginosa",2018-09-15 01:56:28,2018-09-15,"1:56:28"
"620",24,"24B","Dasypus novemcinctus",2018-09-15 02:45:32,2018-09-15,"2:45:32"
"621",3,"3B","Cuniculus paca",2018-09-15 04:59:40,2018-09-15,"4:59:40"
"622",4,"4A","Atelocynus microtis",2018-09-15 11:27:40,2018-09-15,"11:27:40"
"623",25,"25A","Dasyprocta fuliginosa",2018-09-15 11:37:00,2018-09-15,"11:37:00"
"624",18,"18A","Dasyprocta fuliginosa",2018-09-15 17:22:51,2018-09-15,"17:22:51"
"625",15,"15B","Cuniculus paca",2018-09-15 20:19:50,2018-09-15,"20:19:50"
"626",30,"30B","Atelocynus microtis",2018-09-15 21:13:13,2018-09-15,"21:13:13"
"627",3,"3B","Cuniculus paca",2018-09-15 21:44:19,2018-09-15,"21:44:19"
"628",25,"25A","Leopardus pardalis",2018-09-15 22:16:00,2018-09-15,"22:16:00"
"629",18,"18B","Atelocynus microtis",2018-09-15 22:22:00,2018-09-15,"22:22:00"
"630",28,"28A","Dicotyles tajacu",2018-09-16 09:13:22,2018-09-16,"9:13:22"
"631",4,"4A","Atelocynus microtis",2018-09-16 12:22:53,2018-09-16,"12:22:53"
"632",17,"17A","Panthera onca",2018-09-17 08:49:00,2018-09-17,"8:49:00"
"633",4,"4B","Mazama gouazoubira",2018-09-17 11:55:07,2018-09-17,"11:55:07"
"634",8,"8A","Mitu salvini",2018-09-17 12:59:45,2018-09-17,"12:59:45"
"635",8,"8B","Panthera onca",2018-09-17 14:15:54,2018-09-17,"14:15:54"
"636",9,"9B","Leucopternis melanops",2018-09-17 14:46:48,2018-09-17,"14:46:48"
"637",8,"8B","Cuniculus paca",2018-09-18 02:40:24,2018-09-18,"2:40:24"
"638",25,"25A","Tapirus terrestris",2018-09-18 07:10:00,2018-09-18,"7:10:00"
"639",17,"17B","Penelope jacquacu",2018-09-18 12:00:17,2018-09-18,"12:00:17"
"640",3,"3B","Mazama gouazoubira",2018-09-18 15:48:00,2018-09-18,"15:48:00"
"641",28,"28A","Mitu salvini",2018-09-18 16:12:45,2018-09-18,"16:12:45"
"642",8,"8A","Dasyprocta fuliginosa",2018-09-18 17:42:59,2018-09-18,"17:42:59"
"643",2,"2A","Mitu salvini",2018-09-19 15:30:17,2018-09-19,"15:30:17"
"644",2,"2A","Mazama americana",2018-09-19 21:44:59,2018-09-19,"21:44:59"
"645",9,"9B","Dicotyles tajacu",2018-09-20 05:37:14,2018-09-20,"5:37:14"
"646",17,"17A","Mazama gouazoubira",2018-09-20 07:05:00,2018-09-20,"7:05:00"
"647",4,"4B","Mazama americana",2018-09-20 07:07:08,2018-09-20,"7:07:08"
"648",28,"28A","Mazama gouazoubira",2018-09-20 10:34:33,2018-09-20,"10:34:33"
"649",4,"4A","Dicotyles tajacu",2018-09-20 12:08:21,2018-09-20,"12:08:21"
"650",9,"9A","Dicotyles tajacu",2018-09-20 12:23:08,2018-09-20,"12:23:08"
"651",3,"3B","Tapirus terrestris",2018-09-20 21:28:09,2018-09-20,"21:28:09"
"652",8,"8A","Cuniculus paca",2018-09-21 03:21:38,2018-09-21,"3:21:38"
"653",17,"17B","Tapirus terrestris",2018-09-21 05:30:30,2018-09-21,"5:30:30"
"654",13,"13B","Psophia crepitans",2018-09-21 07:48:00,2018-09-21,"7:48:00"
"655",12,"12A","Mitu salvini",2018-09-21 08:31:25,2018-09-21,"8:31:25"
"656",4,"4A","Psophia crepitans",2018-09-21 08:59:25,2018-09-21,"8:59:25"
"657",29,"29A","Mitu salvini",2018-09-21 09:21:58,2018-09-21,"9:21:58"
"658",12,"12A","Mazama americana",2018-09-21 10:04:30,2018-09-21,"10:04:30"
"659",4,"4A","Atelocynus microtis",2018-09-21 18:23:24,2018-09-21,"18:23:24"
"660",17,"17A","Tapirus terrestris",2018-09-21 22:18:00,2018-09-21,"22:18:00"
"661",24,"24B","Tayassu pecari",2018-09-22 11:23:26,2018-09-22,"11:23:26"
"662",17,"17B","Mazama gouazoubira",2018-09-22 11:46:31,2018-09-22,"11:46:31"
"663",22,"22A","Tayassu pecari",2018-09-22 21:57:59,2018-09-22,"21:57:59"
"664",17,"17B","Tamandua tetradactyla",2018-09-23 00:39:02,2018-09-23,"0:39:02"
"665",17,"17A","Nasua nasua",2018-09-23 02:34:00,2018-09-23,"2:34:00"
"666",17,"17A","Mazama gouazoubira",2018-09-23 04:34:00,2018-09-23,"4:34:00"
"667",29,"29A","Mitu salvini",2018-09-23 09:50:12,2018-09-23,"9:50:12"
"668",3,"3B","Mitu salvini",2018-09-23 13:25:54,2018-09-23,"13:25:54"
"669",3,"3A","Mazama gouazoubira",2018-09-23 17:22:11,2018-09-23,"17:22:11"
"670",8,"8A","Dasyprocta fuliginosa",2018-09-24 06:08:24,2018-09-24,"6:08:24"
"671",8,"8B","Myoprocta pratti",2018-09-24 06:09:23,2018-09-24,"6:09:23"
"672",28,"28A","Dicotyles tajacu",2018-09-24 07:36:28,2018-09-24,"7:36:28"
"673",30,"30B","Atelocynus microtis",2018-09-24 09:00:38,2018-09-24,"9:00:38"
"674",30,"30B","Dicotyles tajacu",2018-09-24 09:05:44,2018-09-24,"9:05:44"
"675",22,"22A","Mazama gouazoubira",2018-09-24 12:09:46,2018-09-24,"12:09:46"
"676",21,"21B","Dicotyles tajacu",2018-09-24 14:08:04,2018-09-24,"14:08:04"
"677",21,"21B","Dicotyles tajacu",2018-09-24 15:00:57,2018-09-24,"15:00:57"
"678",4,"4A","Tinamu major",2018-09-24 17:24:28,2018-09-24,"17:24:28"
"679",13,"13B","Mazama americana",2018-09-24 19:23:31,2018-09-24,"19:23:31"
"680",15,"15B","Mazama americana",2018-09-25 00:12:10,2018-09-25,"0:12:10"
"681",17,"17B","Psophia crepitans",2018-09-25 10:54:01,2018-09-25,"10:54:01"
"682",17,"17A","Psophia crepitans",2018-09-26 03:41:00,2018-09-26,"3:41:00"
"683",1,"1B","Psophia crepitans",2018-09-26 06:07:24,2018-09-26,"6:07:24"
"684",4,"4B","Dicotyles tajacu",2018-09-26 09:10:25,2018-09-26,"9:10:25"
"685",30,"30B","Dicotyles tajacu",2018-09-26 09:25:55,2018-09-26,"9:25:55"
"686",25,"25A","Atelocynus microtis",2018-09-26 13:01:00,2018-09-26,"13:01:00"
"687",4,"4A","Eira barbara",2018-09-26 14:04:19,2018-09-26,"14:04:19"
"688",24,"24B","Crypturellus undulatus",2018-09-26 16:45:38,2018-09-26,"16:45:38"
"689",4,"4A","Crypturellus undulatus",2018-09-26 17:38:30,2018-09-26,"17:38:30"
"690",12,"12A","Nothocrax urumutum",2018-09-27 08:34:21,2018-09-27,"8:34:21"
"691",4,"4B","Mazama gouazoubira",2018-09-27 09:13:58,2018-09-27,"9:13:58"
"692",29,"29A","Tayassu pecari",2018-09-27 09:19:35,2018-09-27,"9:19:35"
"693",9,"9A","Tapirus terrestris",2018-09-27 18:19:52,2018-09-27,"18:19:52"
"694",4,"4A","NA NA",2018-09-28 06:29:23,2018-09-28,"6:29:23"
"695",21,"21B","Psophia crepitans",2018-09-28 08:28:08,2018-09-28,"8:28:08"
"696",21,"21B","Dasyprocta fuliginosa",2018-09-28 08:43:09,2018-09-28,"8:43:09"
"697",4,"4A","Psophia crepitans",2018-09-28 08:59:23,2018-09-28,"8:59:23"
"698",25,"25A","Mazama americana",2018-09-28 18:35:00,2018-09-28,"18:35:00"
"699",22,"22A","Dicotyles tajacu",2018-09-28 23:39:11,2018-09-28,"23:39:11"
"700",16,"16A","Dicotyles tajacu",2018-09-29 07:22:51,2018-09-29,"7:22:51"
"701",24,"24B","Penelope jacquacu",2018-10-01 09:34:15,2018-10-01,"9:34:15"
"702",16,"16A","NAN NAN",2018-10-01 22:18:57,2018-10-01,"22:18:57"
"703",24,"24B","Tayassu pecari",2018-10-03 12:37:20,2018-10-03,"12:37:20"
"704",24,"24B","Dicotyles tajacu",2018-10-03 12:37:21,2018-10-03,"12:37:21"
"705",16,"16A","Myrmecophaga tridactyla",2018-10-03 17:52:26,2018-10-03,"17:52:26"
"706",24,"24B","Crypturellus undulatus",2018-10-04 07:12:38,2018-10-04,"7:12:38"
"707",24,"24B","Penelope jacquacu",2018-10-05 10:52:41,2018-10-05,"10:52:41"
"708",24,"24B","Tinamu major",2018-10-09 06:04:53,2018-10-09,"6:04:53"
