"","Station","CameraName","Species","DateTimeOriginal","CommunityName"
"1","SNA1","SNA1","Mazama sp.","2022-11-04 05:50:55","Siona"
"2","SNA10","SNA10","Cuniculus paca","2022-09-01 01:25:18","Siona"
"3","SNA10","SNA10","Cuniculus paca","2022-09-28 01:22:55","Siona"
"4","SNA10","SNA10","Cuniculus paca","2022-10-23 23:59:14","Siona"
"5","SNA10","SNA10","Cuniculus paca","2022-11-25 03:16:34","Siona"
"6","SNA10","SNA10","Dasyprocta fuliginosa","2022-09-15 08:05:48","Siona"
"7","SNA10","SNA10","Dasypus novemcinctus","2022-08-02 02:14:01","Siona"
"8","SNA10","SNA10","Dasypus novemcinctus","2022-08-02 04:16:20","Siona"
"9","SNA10","SNA10","Dasypus novemcinctus","2022-08-04 02:58:36","Siona"
"10","SNA10","SNA10","Dasypus novemcinctus","2022-08-05 01:39:24","Siona"
"11","SNA10","SNA10","Dasypus novemcinctus","2022-09-30 02:26:50","Siona"
"12","SNA10","SNA10","Dasypus novemcinctus","2022-10-01 03:03:57","Siona"
"13","SNA10","SNA10","Mazama americana","2022-08-27 02:51:56","Siona"
"14","SNA10","SNA10","Mazama americana","2022-09-01 02:24:51","Siona"
"15","SNA10","SNA10","Mazama americana","2022-09-09 07:24:17","Siona"
"16","SNA10","SNA10","Mazama americana","2022-09-14 06:13:44","Siona"
"17","SNA10","SNA10","Mazama americana","2022-09-20 04:11:59","Siona"
"18","SNA10","SNA10","Mazama americana","2022-10-04 02:16:48","Siona"
"19","SNA10","SNA10","Mazama americana","2022-10-09 02:23:49","Siona"
"20","SNA10","SNA10","Mazama americana","2022-11-14 02:37:00","Siona"
"21","SNA10","SNA10","Mazama americana","2022-11-14 05:43:16","Siona"
"22","SNA10","SNA10","Mazama americana","2022-11-15 04:15:24","Siona"
"23","SNA10","SNA10","Mazama americana","2022-11-17 02:04:11","Siona"
"24","SNA10","SNA10","Mazama americana","2022-11-18 03:54:20","Siona"
"25","SNA10","SNA10","Mazama americana","2022-11-20 03:49:33","Siona"
"26","SNA10","SNA10","Mazama americana","2022-11-22 04:22:07","Siona"
"27","SNA10","SNA10","Mazama americana","2022-11-23 04:26:38","Siona"
"28","SNA10","SNA10","Mazama americana","2022-11-24 02:03:35","Siona"
"29","SNA10","SNA10","Mazama americana","2022-11-25 04:24:42","Siona"
"30","SNA10","SNA10","Nasua nasua","2022-08-18 07:56:31","Siona"
"31","SNA10","SNA10","Tapirus terrestris","2022-08-08 01:02:20","Siona"
"32","SNA10","SNA10","Tapirus terrestris","2022-08-28 02:45:27","Siona"
"33","SNA10","SNA10","Tapirus terrestris","2022-09-09 05:30:46","Siona"
"34","SNA10","SNA10","Tinamus major","2022-08-22 06:09:52","Siona"
"35","SNA10","SNA10","Tinamus major","2022-08-31 06:02:31","Siona"
"36","SNA10","SNA10","Tinamus major","2022-10-12 05:44:35","Siona"
"37","SNA11","SNA11","Dasyprocta fuliginosa","2022-07-30 08:31:57","Siona"
"38","SNA11","SNA11","Dasyprocta fuliginosa","2022-08-02 06:29:18","Siona"
"39","SNA11","SNA11","Dasyprocta fuliginosa","2022-09-12 05:52:14","Siona"
"40","SNA11","SNA11","Dasyprocta fuliginosa","2022-09-12 07:37:38","Siona"
"41","SNA11","SNA11","Dasyprocta fuliginosa","2022-11-07 05:56:23","Siona"
"42","SNA11","SNA11","Dasyprocta fuliginosa","2022-11-23 06:06:58","Siona"
"43","SNA11","SNA11","Dasypus novemcinctus","2022-08-04 02:53:47","Siona"
"44","SNA11","SNA11","Dicotyles tajacu","2022-08-01 09:49:57","Siona"
"45","SNA12","SNA12","Buteogallus schistaceus","2022-11-02 06:09:11","Siona"
"46","SNA12","SNA12","Cabassous unicinctus","2022-10-07 05:01:33","Siona"
"47","SNA12","SNA12","Cebus yuracus","2022-08-01 11:14:18","Siona"
"48","SNA12","SNA12","Cuniculus paca","2022-08-10 01:26:32","Siona"
"49","SNA12","SNA12","Cuniculus paca","2022-08-31 02:43:54","Siona"
"50","SNA12","SNA12","Cuniculus paca","2022-08-31 03:23:44","Siona"
"51","SNA12","SNA12","Cuniculus paca","2022-09-01 02:41:42","Siona"
"52","SNA12","SNA12","Cuniculus paca","2022-10-06 02:03:58","Siona"
"53","SNA12","SNA12","Dasyprocta fuliginosa","2022-08-14 11:00:12","Siona"
"54","SNA12","SNA12","Dasyprocta fuliginosa","2022-08-31 08:51:38","Siona"
"55","SNA12","SNA12","Dasyprocta fuliginosa","2022-09-03 07:01:29","Siona"
"56","SNA12","SNA12","Dasyprocta fuliginosa","2022-09-04 11:35:01","Siona"
"57","SNA12","SNA12","Dasyprocta fuliginosa","2022-10-06 05:52:11","Siona"
"58","SNA12","SNA12","Dasyprocta fuliginosa","2022-10-11 06:30:31","Siona"
"59","SNA12","SNA12","Dasyprocta fuliginosa","2022-10-12 11:03:19","Siona"
"60","SNA12","SNA12","Dasyprocta fuliginosa","2022-10-20 09:30:03","Siona"
"61","SNA12","SNA12","Dasyprocta fuliginosa","2022-10-20 11:35:45","Siona"
"62","SNA12","SNA12","Dasyprocta fuliginosa","2022-10-24 09:08:59","Siona"
"63","SNA12","SNA12","Dasyprocta fuliginosa","2022-10-24 09:52:12","Siona"
"64","SNA12","SNA12","Dasyprocta fuliginosa","2022-10-29 10:15:35","Siona"
"65","SNA12","SNA12","Dasyprocta fuliginosa","2022-11-10 10:02:31","Siona"
"66","SNA12","SNA12","Dasyprocta fuliginosa","2022-11-11 08:48:46","Siona"
"67","SNA12","SNA12","Dasyprocta fuliginosa","2022-11-13 06:55:35","Siona"
"68","SNA12","SNA12","Dasyprocta fuliginosa","2022-11-14 06:03:30","Siona"
"69","SNA12","SNA12","Dasyprocta fuliginosa","2022-11-18 05:57:06","Siona"
"70","SNA12","SNA12","Dasyprocta fuliginosa","2022-11-18 06:59:08","Siona"
"71","SNA12","SNA12","Dasyprocta fuliginosa","2022-11-19 08:39:17","Siona"
"72","SNA12","SNA12","Dasypus novemcinctus","2022-08-25 01:55:20","Siona"
"73","SNA12","SNA12","Dasypus novemcinctus","2022-09-19 00:56:49","Siona"
"74","SNA12","SNA12","Dicotyles tajacu","2022-08-21 08:41:13","Siona"
"75","SNA12","SNA12","Dicotyles tajacu","2022-10-05 09:39:29","Siona"
"76","SNA12","SNA12","Dicotyles tajacu","2022-11-14 11:13:22","Siona"
"77","SNA12","SNA12","Dicotyles tajacu","2022-11-17 09:23:39","Siona"
"78","SNA12","SNA12","Dicotyles tajacu","2022-11-25 06:26:48","Siona"
"79","SNA12","SNA12","Didelphis marsupialis","2022-09-03 01:17:55","Siona"
"80","SNA12","SNA12","Homo sapiens","2022-08-19 11:03:01","Siona"
"81","SNA12","SNA12","Leopardus pardalis","2022-09-09 03:18:55","Siona"
"82","SNA12","SNA12","Leopardus pardalis","2022-11-25 05:30:31","Siona"
"83","SNA12","SNA12","Mazama americana","2022-08-24 01:30:10","Siona"
"84","SNA12","SNA12","Mazama americana","2022-09-21 01:02:02","Siona"
"85","SNA12","SNA12","Mazama americana","2022-10-23 10:13:17","Siona"
"86","SNA12","SNA12","Mazama americana","2022-11-04 01:53:59","Siona"
"87","SNA12","SNA12","Myoprocta pratti","2022-08-06 06:16:10","Siona"
"88","SNA12","SNA12","Myoprocta pratti","2022-08-30 06:44:31","Siona"
"89","SNA12","SNA12","Myoprocta pratti","2022-10-12 07:05:11","Siona"
"90","SNA12","SNA12","N/D N/D","2022-08-10 10:34:04","Siona"
"91","SNA12","SNA12","N/D N/D","2022-09-25 06:02:22","Siona"
"92","SNA12","SNA12","N/D N/D","2022-11-22 06:54:04","Siona"
"93","SNA12","SNA12","Nasua nasua","2022-08-01 07:46:35","Siona"
"94","SNA12","SNA12","Nasua nasua","2022-08-11 09:14:20","Siona"
"95","SNA12","SNA12","Penelope jacquacu","2022-09-27 08:25:22","Siona"
"96","SNA12","SNA12","Procyon cancrivorus","2022-09-19 01:47:16","Siona"
"97","SNA12","SNA12","Procyon cancrivorus","2022-11-23 01:10:51","Siona"
"98","SNA12","SNA12","Psophia crepitans","2022-11-04 10:58:12","Siona"
"99","SNA12","SNA12","Psophia crepitans","2022-11-08 07:47:58","Siona"
"100","SNA12","SNA12","Psophia crepitans","2022-11-21 10:14:22","Siona"
"101","SNA12","SNA12","Psophia crepitans","2022-11-22 08:51:27","Siona"
"102","SNA12","SNA12","Psophia crepitans","2022-11-23 09:28:21","Siona"
"103","SNA12","SNA12","Psophia crepitans","2022-11-24 11:27:05","Siona"
"104","SNA12","SNA12","Puma concolor","2022-11-09 08:31:56","Siona"
"105","SNA12","SNA12","Sus scrofa","2022-10-05 09:39:33","Siona"
"106","SNA12","SNA12","Tamandua tetradactyla","2022-10-04 03:25:33","Siona"
"107","SNA12","SNA12","Tapirus terrestris","2022-08-19 11:28:29","Siona"
"108","SNA12","SNA12","Tapirus terrestris","2022-08-23 01:37:08","Siona"
"109","SNA12","SNA12","Tapirus terrestris","2022-09-19 03:47:32","Siona"
"110","SNA12","SNA12","Tinamus major","2022-09-17 05:54:21","Siona"
"111","SNA13","SNA13","Buteogallus schistaceus","2022-09-26 14:55:00","Siona"
"112","SNA13","SNA13","Buteogallus schistaceus","2022-09-28 10:48:17","Siona"
"113","SNA13","SNA13","Canis lupus","2022-08-28 14:13:40","Siona"
"114","SNA13","SNA13","Dicotyles tajacu","2022-08-23 15:36:26","Siona"
"115","SNA13","SNA13","Dicotyles tajacu","2022-08-23 18:27:08","Siona"
"116","SNA13","SNA13","Leopardus pardalis","2022-08-18 22:56:46","Siona"
"117","SNA13","SNA13","Leopardus pardalis","2022-08-28 20:11:41","Siona"
"118","SNA13","SNA13","Mazama americana","2022-08-21 03:53:06","Siona"
"119","SNA13","SNA13","Mazama americana","2022-08-24 06:31:27","Siona"
"120","SNA13","SNA13","Mazama americana","2022-08-26 18:44:17","Siona"
"121","SNA13","SNA13","Mazama americana","2022-08-26 21:19:52","Siona"
"122","SNA13","SNA13","Mazama americana","2022-08-30 07:32:18","Siona"
"123","SNA13","SNA13","Mazama americana","2022-09-02 03:23:31","Siona"
"124","SNA13","SNA13","Mazama americana","2022-09-10 20:58:08","Siona"
"125","SNA13","SNA13","Mazama americana","2022-09-12 00:33:53","Siona"
"126","SNA13","SNA13","Mazama americana","2022-09-12 21:31:11","Siona"
"127","SNA13","SNA13","Mazama americana","2022-09-20 23:19:55","Siona"
"128","SNA13","SNA13","Mazama americana","2022-09-26 20:26:51","Siona"
"129","SNA13","SNA13","Mazama americana","2022-10-08 17:41:23","Siona"
"130","SNA13","SNA13","Mazama americana","2022-10-12 02:53:03","Siona"
"131","SNA13","SNA13","Mazama americana","2022-10-30 05:20:35","Siona"
"132","SNA13","SNA13","Mazama americana","2022-11-07 19:05:34","Siona"
"133","SNA13","SNA13","Mazama americana","2022-11-10 17:42:19","Siona"
"134","SNA13","SNA13","Mazama americana","2022-11-23 02:28:24","Siona"
"135","SNA13","SNA13","Procyon cancrivorus","2022-11-04 04:23:01","Siona"
"136","SNA13","SNA13","Tinamus major","2022-10-21 06:43:58","Siona"
"137","SNA13","SNA13","Tinamus major","2022-10-24 16:12:40","Siona"
"138","SNA14","SNA14","Buteogallus schistaceus","2022-08-13 06:13:03","Siona"
"139","SNA14","SNA14","Cebus yuracus","2022-07-28 07:46:29","Siona"
"140","SNA14","SNA14","Cebus yuracus","2022-08-06 07:33:09","Siona"
"141","SNA14","SNA14","Crypturellus soui","2022-11-04 07:15:26","Siona"
"142","SNA14","SNA14","Dasyprocta fuliginosa","2022-08-12 11:00:46","Siona"
"143","SNA14","SNA14","Dasyprocta fuliginosa","2022-08-20 10:48:39","Siona"
"144","SNA14","SNA14","Dasyprocta fuliginosa","2022-08-22 06:56:05","Siona"
"145","SNA14","SNA14","Dasyprocta fuliginosa","2022-08-23 10:17:29","Siona"
"146","SNA14","SNA14","Dasyprocta fuliginosa","2022-08-29 09:41:53","Siona"
"147","SNA14","SNA14","Dasyprocta fuliginosa","2022-09-01 11:07:13","Siona"
"148","SNA14","SNA14","Dasyprocta fuliginosa","2022-09-11 09:38:19","Siona"
"149","SNA14","SNA14","Dasyprocta fuliginosa","2022-09-15 09:11:46","Siona"
"150","SNA14","SNA14","Dasyprocta fuliginosa","2022-09-18 10:00:34","Siona"
"151","SNA14","SNA14","Dasyprocta fuliginosa","2022-09-19 10:46:28","Siona"
"152","SNA14","SNA14","Dasyprocta fuliginosa","2022-09-26 07:35:57","Siona"
"153","SNA14","SNA14","Dasyprocta fuliginosa","2022-10-12 06:00:38","Siona"
"154","SNA14","SNA14","Dasyprocta fuliginosa","2022-10-12 07:56:09","Siona"
"155","SNA14","SNA14","Dasyprocta fuliginosa","2022-10-16 11:16:27","Siona"
"156","SNA14","SNA14","Dasyprocta fuliginosa","2022-10-24 07:33:20","Siona"
"157","SNA14","SNA14","Dasyprocta fuliginosa","2022-10-29 06:16:33","Siona"
"158","SNA14","SNA14","Dasyprocta fuliginosa","2022-10-29 08:04:11","Siona"
"159","SNA14","SNA14","Dasyprocta fuliginosa","2022-10-30 08:48:59","Siona"
"160","SNA14","SNA14","Dasyprocta fuliginosa","2022-10-31 06:52:07","Siona"
"161","SNA14","SNA14","Dasyprocta fuliginosa","2022-11-05 08:08:33","Siona"
"162","SNA14","SNA14","Dasyprocta fuliginosa","2022-11-05 09:32:01","Siona"
"163","SNA14","SNA14","Dasyprocta fuliginosa","2022-11-09 05:48:47","Siona"
"164","SNA14","SNA14","Dasyprocta fuliginosa","2022-11-12 07:47:32","Siona"
"165","SNA14","SNA14","Dasyprocta fuliginosa","2022-11-22 06:13:59","Siona"
"166","SNA14","SNA14","Dasyprocta fuliginosa","2022-11-23 06:02:05","Siona"
"167","SNA14","SNA14","Dasypus novemcinctus","2022-08-03 03:25:42","Siona"
"168","SNA14","SNA14","Dasypus novemcinctus","2022-09-05 03:45:28","Siona"
"169","SNA14","SNA14","Dasypus novemcinctus","2022-09-22 03:17:11","Siona"
"170","SNA14","SNA14","Dasypus novemcinctus","2022-10-04 04:51:50","Siona"
"171","SNA14","SNA14","Dasypus novemcinctus","2022-10-11 04:44:31","Siona"
"172","SNA14","SNA14","Dasypus novemcinctus","2022-10-23 03:23:52","Siona"
"173","SNA14","SNA14","Dasypus novemcinctus","2022-10-30 03:51:37","Siona"
"174","SNA14","SNA14","Dasypus novemcinctus","2022-11-02 02:46:02","Siona"
"175","SNA14","SNA14","Dasypus novemcinctus","2022-11-02 04:36:35","Siona"
"176","SNA14","SNA14","Dasypus novemcinctus","2022-11-17 05:27:15","Siona"
"177","SNA14","SNA14","Dasypus novemcinctus","2022-11-21 01:22:44","Siona"
"178","SNA14","SNA14","Dasypus novemcinctus","2022-11-23 03:50:53","Siona"
"179","SNA14","SNA14","Dicotyles tajacu","2022-08-25 11:53:17","Siona"
"180","SNA14","SNA14","Dicotyles tajacu","2022-09-17 08:50:04","Siona"
"181","SNA14","SNA14","Didelphis marsupialis","2022-08-02 01:13:01","Siona"
"182","SNA14","SNA14","Didelphis marsupialis","2022-08-02 01:48:04","Siona"
"183","SNA14","SNA14","Didelphis marsupialis","2022-08-03 01:35:03","Siona"
"184","SNA14","SNA14","Didelphis marsupialis","2022-08-10 05:42:47","Siona"
"185","SNA14","SNA14","Didelphis marsupialis","2022-08-16 01:05:28","Siona"
"186","SNA14","SNA14","Didelphis marsupialis","2022-08-23 02:36:56","Siona"
"187","SNA14","SNA14","Didelphis marsupialis","2022-08-25 03:03:10","Siona"
"188","SNA14","SNA14","Didelphis marsupialis","2022-08-27 03:48:52","Siona"
"189","SNA14","SNA14","Didelphis marsupialis","2022-09-06 06:57:11","Siona"
"190","SNA14","SNA14","Didelphis marsupialis","2022-09-08 03:42:48","Siona"
"191","SNA14","SNA14","Didelphis marsupialis","2022-09-08 04:22:28","Siona"
"192","SNA14","SNA14","Didelphis marsupialis","2022-09-18 03:09:01","Siona"
"193","SNA14","SNA14","Didelphis marsupialis","2022-10-15 01:50:20","Siona"
"194","SNA14","SNA14","Didelphis marsupialis","2022-10-21 04:34:06","Siona"
"195","SNA14","SNA14","Didelphis marsupialis","2022-11-19 05:35:09","Siona"
"196","SNA14","SNA14","Didelphis marsupialis","2022-11-23 02:34:06","Siona"
"197","SNA14","SNA14","Didelphis marsupialis","2022-11-23 03:11:18","Siona"
"198","SNA14","SNA14","Mazama americana","2022-08-06 01:44:25","Siona"
"199","SNA14","SNA14","Mazama americana","2022-11-12 05:47:48","Siona"
"200","SNA14","SNA14","Mazama nemorivaga","2022-08-24 11:30:32","Siona"
"201","SNA14","SNA14","Mazama nemorivaga","2022-09-07 09:18:54","Siona"
"202","SNA14","SNA14","Mazama nemorivaga","2022-09-30 08:08:25","Siona"
"203","SNA14","SNA14","Mazama nemorivaga","2022-10-07 10:36:41","Siona"
"204","SNA14","SNA14","Mazama nemorivaga","2022-10-25 09:45:56","Siona"
"205","SNA14","SNA14","Mazama nemorivaga","2022-11-13 11:14:11","Siona"
"206","SNA14","SNA14","Mazama nemorivaga","2022-11-21 06:29:37","Siona"
"207","SNA14","SNA14","Mazama nemorivaga","2022-11-23 06:45:32","Siona"
"208","SNA14","SNA14","Metachirus nudicaudatus","2022-11-16 04:37:07","Siona"
"209","SNA14","SNA14","Myrmecophaga tridactyla","2022-10-14 08:01:33","Siona"
"210","SNA14","SNA14","Myrmecophaga tridactyla","2022-10-17 08:57:16","Siona"
"211","SNA14","SNA14","N/D N/D","2022-08-02 02:41:31","Siona"
"212","SNA14","SNA14","N/D N/D","2022-08-03 02:04:54","Siona"
"213","SNA14","SNA14","N/D N/D","2022-08-10 04:06:38","Siona"
"214","SNA14","SNA14","N/D N/D","2022-08-20 04:16:28","Siona"
"215","SNA14","SNA14","N/D N/D","2022-08-21 05:19:58","Siona"
"216","SNA14","SNA14","N/D N/D","2022-09-12 03:36:46","Siona"
"217","SNA14","SNA14","N/D N/D","2022-09-16 03:12:30","Siona"
"218","SNA14","SNA14","N/D N/D","2022-09-21 01:17:44","Siona"
"219","SNA14","SNA14","N/D N/D","2022-09-26 04:24:22","Siona"
"220","SNA14","SNA14","N/D N/D","2022-10-07 03:39:42","Siona"
"221","SNA14","SNA14","Nasua nasua","2022-09-13 08:20:30","Siona"
"222","SNA14","SNA14","Nasua nasua","2022-11-13 07:52:50","Siona"
"223","SNA14","SNA14","Nasua nasua","2022-11-13 08:53:37","Siona"
"224","SNA14","SNA14","Panthera onca","2022-08-25 11:39:06","Siona"
"225","SNA14","SNA14","Tamandua tetradactyla","2022-08-27 00:53:30","Siona"
"226","SNA14","SNA14","Tamandua tetradactyla","2022-10-08 08:57:43","Siona"
"227","SNA14","SNA14","Tinamus major","2022-10-01 10:37:13","Siona"
"228","SNA14","SNA14","Tinamus major","2022-10-07 06:19:05","Siona"
"229","SNA14","SNA14","Tinamus major","2022-10-20 07:04:07","Siona"
"230","SNA14","SNA14","Tinamus major","2022-10-21 06:15:37","Siona"
"231","SNA14","SNA14","Tinamus major","2022-10-22 06:41:18","Siona"
"232","SNA14","SNA14","Tinamus major","2022-10-23 07:07:11","Siona"
"233","SNA14","SNA14","Tinamus major","2022-10-24 06:28:09","Siona"
"234","SNA14","SNA14","Tinamus major","2022-10-25 06:11:38","Siona"
"235","SNA14","SNA14","Tinamus major","2022-10-27 05:47:18","Siona"
"236","SNA14","SNA14","Tinamus major","2022-11-20 07:23:34","Siona"
"237","SNA15","SNA15","Mazama americana","2022-09-27 16:07:34","Siona"
"238","SNA15","SNA15","Mazama americana","2022-11-03 13:44:44","Siona"
"239","SNA15","SNA15","Mazama americana","2022-11-09 16:07:45","Siona"
"240","SNA15","SNA15","Mazama americana","2022-11-21 19:37:32","Siona"
"241","SNA16","SNA16","Buteogallus schistaceus","2022-10-05 10:34:38","Siona"
"242","SNA16","SNA16","Canis lupus","2022-08-02 11:31:38","Siona"
"243","SNA16","SNA16","Canis lupus","2022-10-26 10:18:38","Siona"
"244","SNA16","SNA16","Cebus yuracus","2022-09-17 08:01:30","Siona"
"245","SNA16","SNA16","Crypturellus soui","2022-11-03 05:50:34","Siona"
"246","SNA16","SNA16","Cuniculus paca","2022-07-27 21:28:59","Siona"
"247","SNA16","SNA16","Cuniculus paca","2022-09-25 22:28:43","Siona"
"248","SNA16","SNA16","Cuniculus paca","2022-11-13 23:24:09","Siona"
"249","SNA16","SNA16","Cuniculus paca","2022-11-19 00:10:06","Siona"
"250","SNA16","SNA16","Dasyprocta fuliginosa","2022-08-02 07:06:24","Siona"
"251","SNA16","SNA16","Dasyprocta fuliginosa","2022-08-06 11:46:30","Siona"
"252","SNA16","SNA16","Dasyprocta fuliginosa","2022-08-08 07:38:22","Siona"
"253","SNA16","SNA16","Dasyprocta fuliginosa","2022-08-11 12:56:22","Siona"
"254","SNA16","SNA16","Dasyprocta fuliginosa","2022-08-14 09:41:04","Siona"
"255","SNA16","SNA16","Dasyprocta fuliginosa","2022-08-15 12:23:36","Siona"
"256","SNA16","SNA16","Dasyprocta fuliginosa","2022-08-16 07:48:19","Siona"
"257","SNA16","SNA16","Dasyprocta fuliginosa","2022-08-17 06:25:36","Siona"
"258","SNA16","SNA16","Dasyprocta fuliginosa","2022-08-22 09:13:53","Siona"
"259","SNA16","SNA16","Dasyprocta fuliginosa","2022-08-23 16:23:04","Siona"
"260","SNA16","SNA16","Dasyprocta fuliginosa","2022-08-27 09:07:33","Siona"
"261","SNA16","SNA16","Dasyprocta fuliginosa","2022-08-28 07:55:08","Siona"
"262","SNA16","SNA16","Dasyprocta fuliginosa","2022-08-30 06:20:01","Siona"
"263","SNA16","SNA16","Dasyprocta fuliginosa","2022-08-31 07:14:29","Siona"
"264","SNA16","SNA16","Dasyprocta fuliginosa","2022-09-02 10:29:22","Siona"
"265","SNA16","SNA16","Dasyprocta fuliginosa","2022-09-08 11:50:25","Siona"
"266","SNA16","SNA16","Dasyprocta fuliginosa","2022-09-16 14:15:45","Siona"
"267","SNA16","SNA16","Dasyprocta fuliginosa","2022-09-24 06:51:25","Siona"
"268","SNA16","SNA16","Dasyprocta fuliginosa","2022-09-25 07:07:31","Siona"
"269","SNA16","SNA16","Dasyprocta fuliginosa","2022-10-03 08:55:12","Siona"
"270","SNA16","SNA16","Dasyprocta fuliginosa","2022-10-05 07:37:54","Siona"
"271","SNA16","SNA16","Dasyprocta fuliginosa","2022-10-14 08:38:32","Siona"
"272","SNA16","SNA16","Dasyprocta fuliginosa","2022-10-14 14:50:51","Siona"
"273","SNA16","SNA16","Dasyprocta fuliginosa","2022-10-16 10:22:17","Siona"
"274","SNA16","SNA16","Dasyprocta fuliginosa","2022-10-18 17:23:50","Siona"
"275","SNA16","SNA16","Dasyprocta fuliginosa","2022-10-21 09:07:41","Siona"
"276","SNA16","SNA16","Dasyprocta fuliginosa","2022-10-25 09:49:20","Siona"
"277","SNA16","SNA16","Dasyprocta fuliginosa","2022-10-27 13:52:37","Siona"
"278","SNA16","SNA16","Dasyprocta fuliginosa","2022-10-29 09:40:05","Siona"
"279","SNA16","SNA16","Dasyprocta fuliginosa","2022-11-02 06:33:43","Siona"
"280","SNA16","SNA16","Dasyprocta fuliginosa","2022-11-07 17:40:43","Siona"
"281","SNA16","SNA16","Dasyprocta fuliginosa","2022-11-09 08:09:50","Siona"
"282","SNA16","SNA16","Dasyprocta fuliginosa","2022-11-13 16:16:11","Siona"
"283","SNA16","SNA16","Dasyprocta fuliginosa","2022-11-16 06:10:59","Siona"
"284","SNA16","SNA16","Dasyprocta fuliginosa","2022-11-16 07:36:36","Siona"
"285","SNA16","SNA16","Dasyprocta fuliginosa","2022-11-17 06:29:20","Siona"
"286","SNA16","SNA16","Dasyprocta fuliginosa","2022-11-19 07:04:59","Siona"
"287","SNA16","SNA16","Dasyprocta fuliginosa","2022-11-22 06:45:08","Siona"
"288","SNA16","SNA16","Dasyprocta fuliginosa","2022-11-23 14:13:23","Siona"
"289","SNA16","SNA16","Dasypus novemcinctus","2022-07-28 22:44:48","Siona"
"290","SNA16","SNA16","Dasypus novemcinctus","2022-08-02 03:21:29","Siona"
"291","SNA16","SNA16","Dasypus novemcinctus","2022-09-06 03:40:15","Siona"
"292","SNA16","SNA16","Dasypus novemcinctus","2022-09-11 19:58:21","Siona"
"293","SNA16","SNA16","Dasypus novemcinctus","2022-10-02 21:30:34","Siona"
"294","SNA16","SNA16","Dasypus novemcinctus","2022-10-13 21:11:32","Siona"
"295","SNA16","SNA16","Dasypus novemcinctus","2022-10-27 22:16:24","Siona"
"296","SNA16","SNA16","Dasypus novemcinctus","2022-11-22 01:28:12","Siona"
"297","SNA16","SNA16","Dicotyles tajacu","2022-08-13 07:58:49","Siona"
"298","SNA16","SNA16","Didelphis marsupialis","2022-08-13 06:25:04","Siona"
"299","SNA16","SNA16","Geotrygon montana","2022-09-15 15:19:50","Siona"
"300","SNA16","SNA16","Geotrygon montana","2022-09-16 12:09:06","Siona"
"301","SNA16","SNA16","Geotrygon montana","2022-09-18 06:42:05","Siona"
"302","SNA16","SNA16","Geotrygon montana","2022-09-18 13:05:06","Siona"
"303","SNA16","SNA16","Geotrygon montana","2022-09-19 16:09:42","Siona"
"304","SNA16","SNA16","Geotrygon montana","2022-10-23 14:45:18","Siona"
"305","SNA16","SNA16","Geotrygon montana","2022-10-30 14:02:52","Siona"
"306","SNA16","SNA16","Geotrygon montana","2022-11-07 09:16:14","Siona"
"307","SNA16","SNA16","Geotrygon montana","2022-11-07 16:18:54","Siona"
"308","SNA16","SNA16","Geotrygon montana","2022-11-12 09:19:52","Siona"
"309","SNA16","SNA16","Geotrygon montana","2022-11-14 06:21:50","Siona"
"310","SNA16","SNA16","Geotrygon montana","2022-11-19 14:09:37","Siona"
"311","SNA16","SNA16","Leopardus pardalis","2022-07-28 01:40:44","Siona"
"312","SNA16","SNA16","Leopardus pardalis","2022-10-22 03:19:44","Siona"
"313","SNA16","SNA16","Mazama americana","2022-08-07 05:54:23","Siona"
"314","SNA16","SNA16","Mazama americana","2022-08-18 22:46:21","Siona"
"315","SNA16","SNA16","Mazama americana","2022-10-07 23:56:00","Siona"
"316","SNA16","SNA16","Mazama americana","2022-10-28 23:32:09","Siona"
"317","SNA16","SNA16","Mazama americana","2022-11-03 18:03:17","Siona"
"318","SNA16","SNA16","Metachirus nudicaudatus","2022-09-25 21:52:02","Siona"
"319","SNA16","SNA16","Metachirus nudicaudatus","2022-10-20 05:17:47","Siona"
"320","SNA16","SNA16","Metachirus nudicaudatus","2022-11-20 21:57:20","Siona"
"321","SNA16","SNA16","N/D N/D","2022-09-16 02:59:40","Siona"
"322","SNA16","SNA16","N/D N/D","2022-09-16 06:22:14","Siona"
"323","SNA16","SNA16","Nasua nasua","2022-08-06 08:28:58","Siona"
"324","SNA16","SNA16","Penelope jacquacu","2022-11-07 12:35:12","Siona"
"325","SNA16","SNA16","Penelope jacquacu","2022-11-22 14:17:01","Siona"
"326","SNA16","SNA16","Procyon cancrivorus","2022-10-03 22:30:12","Siona"
"327","SNA16","SNA16","Procyon cancrivorus","2022-11-04 04:37:26","Siona"
"328","SNA16","SNA16","Procyon cancrivorus","2022-11-09 03:41:44","Siona"
"329","SNA16","SNA16","Procyon cancrivorus","2022-11-22 21:34:04","Siona"
"330","SNA16","SNA16","Psophia crepitans","2022-09-09 08:21:59","Siona"
"331","SNA16","SNA16","Saimiri cassiquiarensis","2022-08-23 13:19:58","Siona"
"332","SNA16","SNA16","Sus scrofa","2022-07-29 10:22:28","Siona"
"333","SNA16","SNA16","Tinamus major","2022-09-20 16:44:31","Siona"
"334","SNA16","SNA16","Tinamus major","2022-10-21 09:07:45","Siona"
"335","SNA16","SNA16","Tinamus major","2022-10-25 17:37:26","Siona"
"336","SNA16","SNA16","Tinamus major","2022-10-26 06:49:34","Siona"
"337","SNA16","SNA16","Tinamus major","2022-11-01 06:42:55","Siona"
"338","SNA17","SNA17","Cabassous unicinctus","2022-10-31 03:31:43","Siona"
"339","SNA17","SNA17","Cebus yuracus","2022-10-13 13:14:47","Siona"
"340","SNA17","SNA17","Cuniculus paca","2022-07-29 19:43:46","Siona"
"341","SNA17","SNA17","Cuniculus paca","2022-08-06 21:26:52","Siona"
"342","SNA17","SNA17","Cuniculus paca","2022-08-08 22:32:14","Siona"
"343","SNA17","SNA17","Cuniculus paca","2022-08-27 23:24:36","Siona"
"344","SNA17","SNA17","Cuniculus paca","2022-09-23 21:48:06","Siona"
"345","SNA17","SNA17","Cuniculus paca","2022-09-28 12:54:23","Siona"
"346","SNA17","SNA17","Dasyprocta fuliginosa","2022-07-29 13:09:33","Siona"
"347","SNA17","SNA17","Dasyprocta fuliginosa","2022-07-31 08:07:13","Siona"
"348","SNA17","SNA17","Dasyprocta fuliginosa","2022-08-02 16:22:44","Siona"
"349","SNA17","SNA17","Dasyprocta fuliginosa","2022-08-03 14:37:48","Siona"
"350","SNA17","SNA17","Dasyprocta fuliginosa","2022-08-04 07:13:35","Siona"
"351","SNA17","SNA17","Dasyprocta fuliginosa","2022-08-08 13:02:54","Siona"
"352","SNA17","SNA17","Dasyprocta fuliginosa","2022-08-11 05:57:06","Siona"
"353","SNA17","SNA17","Dasyprocta fuliginosa","2022-08-12 13:22:30","Siona"
"354","SNA17","SNA17","Dasyprocta fuliginosa","2022-08-13 06:23:28","Siona"
"355","SNA17","SNA17","Dasyprocta fuliginosa","2022-08-13 11:33:34","Siona"
"356","SNA17","SNA17","Dasyprocta fuliginosa","2022-08-14 06:11:36","Siona"
"357","SNA17","SNA17","Dasyprocta fuliginosa","2022-08-14 16:32:59","Siona"
"358","SNA17","SNA17","Dasyprocta fuliginosa","2022-08-15 11:39:40","Siona"
"359","SNA17","SNA17","Dasyprocta fuliginosa","2022-08-16 06:00:18","Siona"
"360","SNA17","SNA17","Dasyprocta fuliginosa","2022-08-16 06:41:06","Siona"
"361","SNA17","SNA17","Dasyprocta fuliginosa","2022-08-16 16:14:48","Siona"
"362","SNA17","SNA17","Dasyprocta fuliginosa","2022-08-18 06:25:26","Siona"
"363","SNA17","SNA17","Dasyprocta fuliginosa","2022-08-18 06:58:34","Siona"
"364","SNA17","SNA17","Dasyprocta fuliginosa","2022-08-19 08:04:55","Siona"
"365","SNA17","SNA17","Dasyprocta fuliginosa","2022-08-21 07:31:02","Siona"
"366","SNA17","SNA17","Dasyprocta fuliginosa","2022-08-21 12:11:14","Siona"
"367","SNA17","SNA17","Dasyprocta fuliginosa","2022-08-22 07:57:27","Siona"
"368","SNA17","SNA17","Dasyprocta fuliginosa","2022-08-22 16:12:38","Siona"
"369","SNA17","SNA17","Dasyprocta fuliginosa","2022-08-25 09:19:51","Siona"
"370","SNA17","SNA17","Dasyprocta fuliginosa","2022-08-27 16:33:09","Siona"
"371","SNA17","SNA17","Dasyprocta fuliginosa","2022-08-28 16:48:09","Siona"
"372","SNA17","SNA17","Dasyprocta fuliginosa","2022-08-31 07:06:19","Siona"
"373","SNA17","SNA17","Dasyprocta fuliginosa","2022-09-04 16:30:19","Siona"
"374","SNA17","SNA17","Dasyprocta fuliginosa","2022-09-09 07:38:25","Siona"
"375","SNA17","SNA17","Dasyprocta fuliginosa","2022-09-10 13:23:56","Siona"
"376","SNA17","SNA17","Dasyprocta fuliginosa","2022-09-12 17:44:51","Siona"
"377","SNA17","SNA17","Dasyprocta fuliginosa","2022-09-22 14:25:15","Siona"
"378","SNA17","SNA17","Dasyprocta fuliginosa","2022-09-23 12:32:40","Siona"
"379","SNA17","SNA17","Dasyprocta fuliginosa","2022-09-27 14:00:33","Siona"
"380","SNA17","SNA17","Dasyprocta fuliginosa","2022-09-30 10:37:41","Siona"
"381","SNA17","SNA17","Dasyprocta fuliginosa","2022-10-04 09:06:52","Siona"
"382","SNA17","SNA17","Dasyprocta fuliginosa","2022-10-12 17:11:24","Siona"
"383","SNA17","SNA17","Dasyprocta fuliginosa","2022-10-25 11:48:11","Siona"
"384","SNA17","SNA17","Dasyprocta fuliginosa","2022-10-28 11:23:17","Siona"
"385","SNA17","SNA17","Dasyprocta fuliginosa","2022-11-06 21:29:02","Siona"
"386","SNA17","SNA17","Dasyprocta fuliginosa","2022-11-07 14:54:19","Siona"
"387","SNA17","SNA17","Dasyprocta fuliginosa","2022-11-11 06:56:34","Siona"
"388","SNA17","SNA17","Dasyprocta fuliginosa","2022-11-11 15:38:02","Siona"
"389","SNA17","SNA17","Dasyprocta fuliginosa","2022-11-15 17:06:23","Siona"
"390","SNA17","SNA17","Dasyprocta fuliginosa","2022-11-24 13:45:11","Siona"
"391","SNA17","SNA17","Dasypus novemcinctus","2022-07-30 00:32:02","Siona"
"392","SNA17","SNA17","Dasypus novemcinctus","2022-07-30 23:01:48","Siona"
"393","SNA17","SNA17","Dasypus novemcinctus","2022-08-17 19:15:45","Siona"
"394","SNA17","SNA17","Dasypus novemcinctus","2022-08-25 01:47:46","Siona"
"395","SNA17","SNA17","Dasypus novemcinctus","2022-09-01 00:17:00","Siona"
"396","SNA17","SNA17","Dasypus novemcinctus","2022-09-13 19:37:41","Siona"
"397","SNA17","SNA17","Dasypus novemcinctus","2022-10-06 05:03:58","Siona"
"398","SNA17","SNA17","Dasypus novemcinctus","2022-11-15 22:54:03","Siona"
"399","SNA17","SNA17","Dicotyles tajacu","2022-07-31 06:14:50","Siona"
"400","SNA17","SNA17","Dicotyles tajacu","2022-08-05 09:45:26","Siona"
"401","SNA17","SNA17","Didelphis marsupialis","2022-08-09 17:45:12","Siona"
"402","SNA17","SNA17","Didelphis marsupialis","2022-08-14 05:21:58","Siona"
"403","SNA17","SNA17","Didelphis marsupialis","2022-10-07 05:56:31","Siona"
"404","SNA17","SNA17","Didelphis marsupialis","2022-10-22 02:25:53","Siona"
"405","SNA17","SNA17","Didelphis marsupialis","2022-10-29 18:13:49","Siona"
"406","SNA17","SNA17","Mazama americana","2022-08-12 16:34:30","Siona"
"407","SNA17","SNA17","Mazama americana","2022-08-27 11:57:37","Siona"
"408","SNA17","SNA17","Mazama americana","2022-09-22 05:10:23","Siona"
"409","SNA17","SNA17","Mazama americana","2022-10-06 05:03:57","Siona"
"410","SNA17","SNA17","Mazama americana","2022-10-06 05:50:39","Siona"
"411","SNA17","SNA17","Mazama americana","2022-10-15 17:49:07","Siona"
"412","SNA17","SNA17","Mazama americana","2022-11-09 01:46:11","Siona"
"413","SNA17","SNA17","Mazama americana","2022-11-14 15:25:32","Siona"
"414","SNA17","SNA17","Mazama americana","2022-11-15 22:07:01","Siona"
"415","SNA17","SNA17","Mazama americana","2022-11-20 09:39:00","Siona"
"416","SNA17","SNA17","Mazama americana","2022-11-20 17:10:52","Siona"
"417","SNA17","SNA17","Mazama americana","2022-11-21 07:43:47","Siona"
"418","SNA17","SNA17","Mazama americana","2022-11-23 00:30:49","Siona"
"419","SNA17","SNA17","Mazama americana","2022-11-23 07:24:51","Siona"
"420","SNA17","SNA17","Metachirus nudicaudatus","2022-09-08 04:23:45","Siona"
"421","SNA17","SNA17","N/D N/D","2022-09-07 04:37:03","Siona"
"422","SNA17","SNA17","N/D N/D","2022-09-10 16:38:21","Siona"
"423","SNA17","SNA17","N/D N/D","2022-09-13 00:49:35","Siona"
"424","SNA17","SNA17","N/D N/D","2022-09-27 14:19:37","Siona"
"425","SNA17","SNA17","Tamandua tetradactyla","2022-09-02 20:37:11","Siona"
"426","SNA17","SNA17","Tinamus major","2022-10-25 06:32:00","Siona"
"427","SNA18","SNA18","Cebus yuracus","2022-09-11 08:56:51","Siona"
"428","SNA18","SNA18","Cebus yuracus","2022-09-23 10:17:34","Siona"
"429","SNA18","SNA18","Cuniculus paca","2022-08-31 01:48:37","Siona"
"430","SNA18","SNA18","Cuniculus paca","2022-09-17 01:25:24","Siona"
"431","SNA18","SNA18","Cuniculus paca","2022-09-19 01:24:13","Siona"
"432","SNA18","SNA18","Dasyprocta fuliginosa","2022-08-06 07:47:43","Siona"
"433","SNA18","SNA18","Dasyprocta fuliginosa","2022-08-10 03:07:14","Siona"
"434","SNA18","SNA18","Dasyprocta fuliginosa","2022-08-10 05:59:57","Siona"
"435","SNA18","SNA18","Dasyprocta fuliginosa","2022-08-10 11:21:36","Siona"
"436","SNA18","SNA18","Dasyprocta fuliginosa","2022-08-11 08:36:29","Siona"
"437","SNA18","SNA18","Dasyprocta fuliginosa","2022-08-11 10:46:58","Siona"
"438","SNA18","SNA18","Dasyprocta fuliginosa","2022-08-15 07:29:24","Siona"
"439","SNA18","SNA18","Dasyprocta fuliginosa","2022-08-19 09:42:06","Siona"
"440","SNA18","SNA18","Dasyprocta fuliginosa","2022-08-20 08:04:00","Siona"
"441","SNA18","SNA18","Dasyprocta fuliginosa","2022-08-24 08:20:00","Siona"
"442","SNA18","SNA18","Dasyprocta fuliginosa","2022-08-25 09:12:45","Siona"
"443","SNA18","SNA18","Dasyprocta fuliginosa","2022-08-28 10:15:00","Siona"
"444","SNA18","SNA18","Dasyprocta fuliginosa","2022-08-29 11:16:49","Siona"
"445","SNA18","SNA18","Dasyprocta fuliginosa","2022-08-30 08:54:51","Siona"
"446","SNA18","SNA18","Dasyprocta fuliginosa","2022-08-31 09:09:58","Siona"
"447","SNA18","SNA18","Dasyprocta fuliginosa","2022-09-01 08:46:46","Siona"
"448","SNA18","SNA18","Dasyprocta fuliginosa","2022-09-02 08:45:23","Siona"
"449","SNA18","SNA18","Dasyprocta fuliginosa","2022-09-03 07:44:58","Siona"
"450","SNA18","SNA18","Dasyprocta fuliginosa","2022-09-06 08:36:43","Siona"
"451","SNA18","SNA18","Dasyprocta fuliginosa","2022-09-09 09:28:30","Siona"
"452","SNA18","SNA18","Dasyprocta fuliginosa","2022-09-11 08:22:38","Siona"
"453","SNA18","SNA18","Dasyprocta fuliginosa","2022-09-11 09:52:13","Siona"
"454","SNA18","SNA18","Dasyprocta fuliginosa","2022-09-14 09:35:15","Siona"
"455","SNA18","SNA18","Dasyprocta fuliginosa","2022-09-17 06:49:51","Siona"
"456","SNA18","SNA18","Dasyprocta fuliginosa","2022-09-18 09:39:16","Siona"
"457","SNA18","SNA18","Dasyprocta fuliginosa","2022-09-19 10:15:35","Siona"
"458","SNA18","SNA18","Dasyprocta fuliginosa","2022-09-21 07:13:35","Siona"
"459","SNA18","SNA18","Dasyprocta fuliginosa","2022-09-23 06:20:48","Siona"
"460","SNA18","SNA18","Dasyprocta fuliginosa","2022-09-24 09:24:16","Siona"
"461","SNA18","SNA18","Dasyprocta fuliginosa","2022-09-30 07:10:47","Siona"
"462","SNA18","SNA18","Dasyprocta fuliginosa","2022-09-30 07:51:44","Siona"
"463","SNA18","SNA18","Dasyprocta fuliginosa","2022-10-01 11:06:54","Siona"
"464","SNA18","SNA18","Dasyprocta fuliginosa","2022-10-02 08:07:08","Siona"
"465","SNA18","SNA18","Dasyprocta fuliginosa","2022-10-02 09:17:22","Siona"
"466","SNA18","SNA18","Dasyprocta fuliginosa","2022-10-02 10:50:47","Siona"
"467","SNA18","SNA18","Dasyprocta fuliginosa","2022-10-04 07:37:41","Siona"
"468","SNA18","SNA18","Dasyprocta fuliginosa","2022-10-05 06:28:17","Siona"
"469","SNA18","SNA18","Dasyprocta fuliginosa","2022-10-09 06:01:00","Siona"
"470","SNA18","SNA18","Dasyprocta fuliginosa","2022-10-09 10:38:31","Siona"
"471","SNA18","SNA18","Dasyprocta fuliginosa","2022-10-12 08:11:08","Siona"
"472","SNA18","SNA18","Dasyprocta fuliginosa","2022-10-13 06:13:12","Siona"
"473","SNA18","SNA18","Dasyprocta fuliginosa","2022-10-14 07:35:06","Siona"
"474","SNA18","SNA18","Dasyprocta fuliginosa","2022-10-17 06:14:42","Siona"
"475","SNA18","SNA18","Dasyprocta fuliginosa","2022-10-19 11:00:35","Siona"
"476","SNA18","SNA18","Dasyprocta fuliginosa","2022-10-23 07:50:24","Siona"
"477","SNA18","SNA18","Dasyprocta fuliginosa","2022-10-24 06:14:32","Siona"
"478","SNA18","SNA18","Dasyprocta fuliginosa","2022-10-25 05:38:36","Siona"
"479","SNA18","SNA18","Dasyprocta fuliginosa","2022-10-25 06:32:58","Siona"
"480","SNA18","SNA18","Dasyprocta fuliginosa","2022-11-01 05:32:07","Siona"
"481","SNA18","SNA18","Dasyprocta fuliginosa","2022-11-03 09:33:13","Siona"
"482","SNA18","SNA18","Dasyprocta fuliginosa","2022-11-05 09:21:18","Siona"
"483","SNA18","SNA18","Dasyprocta fuliginosa","2022-11-09 08:51:49","Siona"
"484","SNA18","SNA18","Dasyprocta fuliginosa","2022-11-10 09:31:44","Siona"
"485","SNA18","SNA18","Dasyprocta fuliginosa","2022-11-18 07:11:12","Siona"
"486","SNA18","SNA18","Dasyprocta fuliginosa","2022-11-21 11:12:29","Siona"
"487","SNA18","SNA18","Dasypus novemcinctus","2022-10-17 01:29:36","Siona"
"488","SNA18","SNA18","Dasypus novemcinctus","2022-11-17 01:28:56","Siona"
"489","SNA18","SNA18","Dicotyles tajacu","2022-08-22 08:11:29","Siona"
"490","SNA18","SNA18","Dicotyles tajacu","2022-08-24 11:28:55","Siona"
"491","SNA18","SNA18","Dicotyles tajacu","2022-08-28 10:47:34","Siona"
"492","SNA18","SNA18","Dicotyles tajacu","2022-10-10 08:38:18","Siona"
"493","SNA18","SNA18","Dicotyles tajacu","2022-10-10 10:15:01","Siona"
"494","SNA18","SNA18","Dicotyles tajacu","2022-10-10 11:27:10","Siona"
"495","SNA18","SNA18","Dicotyles tajacu","2022-10-24 06:32:05","Siona"
"496","SNA18","SNA18","Dicotyles tajacu","2022-11-08 06:56:58","Siona"
"497","SNA18","SNA18","Didelphis marsupialis","2022-10-06 02:37:40","Siona"
"498","SNA18","SNA18","Didelphis marsupialis","2022-10-19 03:33:01","Siona"
"499","SNA18","SNA18","Didelphis marsupialis","2022-11-12 04:06:12","Siona"
"500","SNA18","SNA18","Geotrygon montana","2022-10-21 07:58:45","Siona"
"501","SNA18","SNA18","Geotrygon montana","2022-10-21 11:49:12","Siona"
"502","SNA18","SNA18","Geotrygon montana","2022-11-15 06:02:09","Siona"
"503","SNA18","SNA18","Geotrygon montana","2022-11-18 06:34:45","Siona"
"504","SNA18","SNA18","Geotrygon montana","2022-11-20 10:37:27","Siona"
"505","SNA18","SNA18","Herpailurus yagouaroundi","2022-11-06 06:47:02","Siona"
"506","SNA18","SNA18","Leopardus pardalis","2022-08-22 00:56:17","Siona"
"507","SNA18","SNA18","Leopardus pardalis","2022-09-21 06:07:21","Siona"
"508","SNA18","SNA18","Mazama americana","2022-08-16 09:05:44","Siona"
"509","SNA18","SNA18","Mazama americana","2022-08-22 07:34:17","Siona"
"510","SNA18","SNA18","Mazama americana","2022-09-04 03:58:26","Siona"
"511","SNA18","SNA18","Mazama americana","2022-09-23 08:24:47","Siona"
"512","SNA18","SNA18","Mazama americana","2022-10-13 01:17:56","Siona"
"513","SNA18","SNA18","Mazama americana","2022-10-17 09:03:47","Siona"
"514","SNA18","SNA18","Mazama americana","2022-10-21 02:53:37","Siona"
"515","SNA18","SNA18","Mazama americana","2022-11-09 01:17:30","Siona"
"516","SNA18","SNA18","Mazama americana","2022-11-09 06:27:37","Siona"
"517","SNA18","SNA18","Metachirus nudicaudatus","2022-10-20 03:08:07","Siona"
"518","SNA18","SNA18","Metachirus nudicaudatus","2022-11-05 04:05:06","Siona"
"519","SNA18","SNA18","Metachirus nudicaudatus","2022-11-10 02:42:20","Siona"
"520","SNA18","SNA18","Metachirus nudicaudatus","2022-11-11 02:05:07","Siona"
"521","SNA18","SNA18","Metachirus nudicaudatus","2022-11-20 02:32:29","Siona"
"522","SNA18","SNA18","N/D N/D","2022-09-02 04:31:10","Siona"
"523","SNA18","SNA18","Nasua nasua","2022-08-13 08:17:58","Siona"
"524","SNA18","SNA18","Nasua nasua","2022-09-26 07:31:28","Siona"
"525","SNA18","SNA18","Nasua nasua","2022-10-03 07:08:57","Siona"
"526","SNA18","SNA18","Penelope jacquacu","2022-11-21 09:20:05","Siona"
"527","SNA18","SNA18","Penelope jacquacu","2022-11-22 09:03:42","Siona"
"528","SNA18","SNA18","Psophia crepitans","2022-09-12 11:12:56","Siona"
"529","SNA18","SNA18","Psophia crepitans","2022-09-19 05:57:38","Siona"
"530","SNA18","SNA18","Psophia crepitans","2022-10-08 06:27:16","Siona"
"531","SNA18","SNA18","Psophia crepitans","2022-10-13 08:59:29","Siona"
"532","SNA18","SNA18","Tamandua tetradactyla","2022-10-12 03:29:50","Siona"
"533","SNA18","SNA18","Tinamus major","2022-08-02 07:03:58","Siona"
"534","SNA18","SNA18","Tinamus major","2022-08-20 07:04:25","Siona"
"535","SNA18","SNA18","Tinamus major","2022-10-19 08:35:23","Siona"
"536","SNA18","SNA18","Tinamus major","2022-10-31 06:46:11","Siona"
"537","SNA18","SNA18","Tinamus major","2022-11-03 09:23:47","Siona"
"538","SNA18","SNA18","Tinamus major","2022-11-04 06:12:03","Siona"
"539","SNA18","SNA18","Tinamus major","2022-11-10 06:59:08","Siona"
"540","SNA19","SNA19","Cebus yuracus","2022-08-03 11:04:34","Siona"
"541","SNA19","SNA19","Cebus yuracus","2022-09-30 09:06:21","Siona"
"542","SNA19","SNA19","Crypturellus soui","2022-11-22 08:49:28","Siona"
"543","SNA19","SNA19","Cuniculus paca","2022-08-08 01:45:22","Siona"
"544","SNA19","SNA19","Cuniculus paca","2022-08-30 02:32:16","Siona"
"545","SNA19","SNA19","Cuniculus paca","2022-09-02 00:52:54","Siona"
"546","SNA19","SNA19","Cuniculus paca","2022-09-04 02:00:04","Siona"
"547","SNA19","SNA19","Cuniculus paca","2022-09-06 02:28:01","Siona"
"548","SNA19","SNA19","Dasyprocta fuliginosa","2022-08-14 09:58:10","Siona"
"549","SNA19","SNA19","Dasyprocta fuliginosa","2022-08-14 10:55:19","Siona"
"550","SNA19","SNA19","Dasyprocta fuliginosa","2022-08-15 06:46:37","Siona"
"551","SNA19","SNA19","Dasyprocta fuliginosa","2022-08-17 05:58:33","Siona"
"552","SNA19","SNA19","Dasyprocta fuliginosa","2022-08-17 09:08:29","Siona"
"553","SNA19","SNA19","Dasyprocta fuliginosa","2022-08-18 03:19:45","Siona"
"554","SNA19","SNA19","Dasyprocta fuliginosa","2022-08-18 06:11:22","Siona"
"555","SNA19","SNA19","Dasyprocta fuliginosa","2022-09-02 07:09:54","Siona"
"556","SNA19","SNA19","Dasyprocta fuliginosa","2022-09-28 06:12:53","Siona"
"557","SNA19","SNA19","Dasyprocta fuliginosa","2022-10-20 06:46:33","Siona"
"558","SNA19","SNA19","Dasyprocta fuliginosa","2022-10-27 06:50:23","Siona"
"559","SNA19","SNA19","Dasyprocta fuliginosa","2022-11-01 07:35:31","Siona"
"560","SNA19","SNA19","Dasyprocta fuliginosa","2022-11-03 06:24:54","Siona"
"561","SNA19","SNA19","Dasyprocta fuliginosa","2022-11-17 07:59:55","Siona"
"562","SNA19","SNA19","Dasyprocta fuliginosa","2022-11-20 08:40:33","Siona"
"563","SNA19","SNA19","Dasyprocta fuliginosa","2022-11-23 07:37:39","Siona"
"564","SNA19","SNA19","Dasypus novemcinctus","2022-08-28 02:51:27","Siona"
"565","SNA19","SNA19","Dicotyles tajacu","2022-08-03 11:29:43","Siona"
"566","SNA19","SNA19","Dicotyles tajacu","2022-09-22 08:52:33","Siona"
"567","SNA19","SNA19","Dicotyles tajacu","2022-11-20 08:56:52","Siona"
"568","SNA19","SNA19","Didelphis marsupialis","2022-09-05 06:11:11","Siona"
"569","SNA19","SNA19","Didelphis marsupialis","2022-11-07 04:10:42","Siona"
"570","SNA19","SNA19","Didelphis marsupialis","2022-11-23 05:24:34","Siona"
"571","SNA19","SNA19","Leopardus pardalis","2022-08-22 08:29:07","Siona"
"572","SNA19","SNA19","Mazama americana","2022-08-11 05:00:08","Siona"
"573","SNA19","SNA19","Mazama americana","2022-08-11 07:19:12","Siona"
"574","SNA19","SNA19","Mazama americana","2022-08-16 03:43:39","Siona"
"575","SNA19","SNA19","Mazama americana","2022-09-28 02:33:40","Siona"
"576","SNA19","SNA19","Mazama americana","2022-10-04 00:55:53","Siona"
"577","SNA19","SNA19","Mazama americana","2022-10-15 00:38:51","Siona"
"578","SNA19","SNA19","Mazama americana","2022-10-31 04:03:34","Siona"
"579","SNA19","SNA19","N/D N/D","2022-08-11 07:46:27","Siona"
"580","SNA19","SNA19","Nasua nasua","2022-08-22 10:31:47","Siona"
"581","SNA19","SNA19","Nasua nasua","2022-08-29 08:04:38","Siona"
"582","SNA19","SNA19","Saimiri cassiquiarensis","2022-08-03 11:04:38","Siona"
"583","SNA19","SNA19","Saimiri cassiquiarensis","2022-08-14 08:58:00","Siona"
"584","SNA19","SNA19","Tinamus major","2022-10-10 05:43:40","Siona"
"585","SNA2","SNA2","Didelphis marsupialis","2022-09-09 00:07:38","Siona"
"586","SNA2","SNA2","Mazama americana","2022-10-10 05:59:57","Siona"
"587","SNA2","SNA2","Mazama sp.","2022-08-14 01:57:26","Siona"
"588","SNA2","SNA2","Sus scrofa","2022-08-09 13:21:41","Siona"
"589","SNA2","SNA2","Tamandua tetradactyla","2022-09-09 00:17:27","Siona"
"590","SNA20","SNA20","Eira barbara","2022-10-03 14:34:00","Siona"
"591","SNA20","SNA20","Mazama americana","2022-10-25 12:53:00","Siona"
"592","SNA20","SNA20","Mazama americana","2022-11-03 22:10:00","Siona"
"593","SNA20","SNA20","Mazama americana","2022-11-13 22:18:00","Siona"
"594","SNA20","SNA20","N/D N/D","2022-08-25 16:41:00","Siona"
"595","SNA20","SNA20","N/D N/D","2022-09-13 11:30:00","Siona"
"596","SNA20","SNA20","Tamandua tetradactyla","2022-08-10 01:07:00","Siona"
"597","SNA20","SNA20","Tamandua tetradactyla","2022-10-06 04:18:00","Siona"
"598","SNA21","SNA21","Leopardus pardalis","2022-10-05 14:24:50","Siona"
"599","SNA21","SNA21","Mazama americana","2022-09-20 15:21:09","Siona"
"600","SNA21","SNA21","Mazama americana","2022-10-15 12:37:11","Siona"
"601","SNA21","SNA21","Mazama americana","2022-11-02 19:41:43","Siona"
"602","SNA21","SNA21","N/D N/D","2022-08-07 00:20:32","Siona"
"603","SNA21","SNA21","N/D N/D","2022-08-17 08:24:51","Siona"
"604","SNA21","SNA21","N/D N/D","2022-09-21 10:05:56","Siona"
"605","SNA21","SNA21","Nasua nasua","2022-09-19 07:51:29","Siona"
"606","SNA21","SNA21","Nasua nasua","2022-11-01 06:52:23","Siona"
"607","SNA21","SNA21","Penelope jacquacu","2022-08-12 14:00:11","Siona"
"608","SNA21","SNA21","Penelope jacquacu","2022-09-04 15:38:14","Siona"
"609","SNA21","SNA21","Penelope jacquacu","2022-09-27 13:44:06","Siona"
"610","SNA21","SNA21","Penelope jacquacu","2022-10-25 15:42:35","Siona"
"611","SNA21","SNA21","Penelope jacquacu","2022-11-05 14:06:27","Siona"
"612","SNA21","SNA21","Saimiri cassiquiarensis","2022-08-14 10:28:48","Siona"
"613","SNA21","SNA21","Tinamus major","2022-09-16 12:53:37","Siona"
"614","SNA22","SNA22","Canis lupus","2022-11-01 13:24:52","Siona"
"615","SNA22","SNA22","Dasyprocta fuliginosa","2022-08-01 11:36:26","Siona"
"616","SNA22","SNA22","Dasyprocta fuliginosa","2022-08-08 16:54:29","Siona"
"617","SNA22","SNA22","Dasyprocta fuliginosa","2022-08-09 07:14:34","Siona"
"618","SNA22","SNA22","Dasyprocta fuliginosa","2022-09-29 13:51:23","Siona"
"619","SNA22","SNA22","Dasyprocta fuliginosa","2022-10-04 06:30:17","Siona"
"620","SNA22","SNA22","Dasyprocta fuliginosa","2022-10-06 17:08:58","Siona"
"621","SNA22","SNA22","Dasyprocta fuliginosa","2022-10-08 14:41:37","Siona"
"622","SNA22","SNA22","Dasyprocta fuliginosa","2022-10-15 11:42:03","Siona"
"623","SNA22","SNA22","Dasyprocta fuliginosa","2022-10-19 08:11:27","Siona"
"624","SNA22","SNA22","Dasyprocta fuliginosa","2022-10-23 16:32:15","Siona"
"625","SNA22","SNA22","Dasyprocta fuliginosa","2022-10-25 13:02:56","Siona"
"626","SNA22","SNA22","Dasyprocta fuliginosa","2022-10-28 10:25:07","Siona"
"627","SNA22","SNA22","Dasyprocta fuliginosa","2022-10-28 15:19:10","Siona"
"628","SNA22","SNA22","Dasyprocta fuliginosa","2022-10-30 16:19:14","Siona"
"629","SNA22","SNA22","Dasyprocta fuliginosa","2022-11-02 16:41:36","Siona"
"630","SNA22","SNA22","Dasyprocta fuliginosa","2022-11-09 08:19:21","Siona"
"631","SNA22","SNA22","Dasyprocta fuliginosa","2022-11-11 10:30:14","Siona"
"632","SNA22","SNA22","Dasyprocta fuliginosa","2022-11-11 16:17:47","Siona"
"633","SNA22","SNA22","Dasyprocta fuliginosa","2022-11-13 06:45:21","Siona"
"634","SNA22","SNA22","Dasyprocta fuliginosa","2022-11-13 11:22:23","Siona"
"635","SNA22","SNA22","Dasyprocta fuliginosa","2022-11-16 15:43:53","Siona"
"636","SNA22","SNA22","Dasyprocta fuliginosa","2022-11-16 16:33:30","Siona"
"637","SNA22","SNA22","Dasyprocta fuliginosa","2022-11-20 09:26:24","Siona"
"638","SNA22","SNA22","Dasyprocta fuliginosa","2022-11-21 16:37:15","Siona"
"639","SNA22","SNA22","Dasyprocta fuliginosa","2022-11-22 07:13:35","Siona"
"640","SNA22","SNA22","Dasyprocta fuliginosa","2022-11-22 14:48:00","Siona"
"641","SNA22","SNA22","Dasyprocta fuliginosa","2022-11-22 16:31:04","Siona"
"642","SNA22","SNA22","Dasyprocta fuliginosa","2022-11-24 15:53:53","Siona"
"643","SNA22","SNA22","Dasypus novemcinctus","2022-10-24 21:29:52","Siona"
"644","SNA22","SNA22","Dasypus novemcinctus","2022-11-17 22:04:35","Siona"
"645","SNA22","SNA22","Dasypus novemcinctus","2022-11-18 00:52:50","Siona"
"646","SNA22","SNA22","Dicotyles tajacu","2022-09-25 11:18:19","Siona"
"647","SNA22","SNA22","Dicotyles tajacu","2022-10-02 16:09:32","Siona"
"648","SNA22","SNA22","Didelphis marsupialis","2022-10-11 04:57:47","Siona"
"649","SNA22","SNA22","Didelphis marsupialis","2022-10-12 05:00:02","Siona"
"650","SNA22","SNA22","Didelphis marsupialis","2022-10-14 20:02:18","Siona"
"651","SNA22","SNA22","Didelphis marsupialis","2022-10-16 03:00:00","Siona"
"652","SNA22","SNA22","Didelphis marsupialis","2022-10-17 05:38:42","Siona"
"653","SNA22","SNA22","Didelphis marsupialis","2022-11-02 02:06:45","Siona"
"654","SNA22","SNA22","Didelphis marsupialis","2022-11-13 20:18:49","Siona"
"655","SNA22","SNA22","Didelphis marsupialis","2022-11-23 20:19:33","Siona"
"656","SNA22","SNA22","Didelphis marsupialis","2022-11-23 23:28:35","Siona"
"657","SNA22","SNA22","Didelphis marsupialis","2022-11-25 00:01:18","Siona"
"658","SNA22","SNA22","Didelphis marsupialis","2022-11-25 03:24:45","Siona"
"659","SNA22","SNA22","Didelphis marsupialis","2022-11-25 04:59:20","Siona"
"660","SNA22","SNA22","Mazama americana","2022-09-21 06:00:31","Siona"
"661","SNA22","SNA22","Mazama americana","2022-10-28 18:14:39","Siona"
"662","SNA22","SNA22","Mazama americana","2022-11-09 07:13:08","Siona"
"663","SNA22","SNA22","Mazama americana","2022-11-10 21:06:59","Siona"
"664","SNA22","SNA22","Myrmecophaga tridactyla","2022-08-06 13:01:29","Siona"
"665","SNA22","SNA22","Nasua nasua","2022-08-23 17:24:53","Siona"
"666","SNA22","SNA22","Nasua nasua","2022-10-14 14:46:59","Siona"
"667","SNA22","SNA22","Nasua nasua","2022-11-06 17:06:59","Siona"
"668","SNA22","SNA22","Penelope jacquacu","2022-10-02 11:46:34","Siona"
"669","SNA22","SNA22","Penelope jacquacu","2022-10-20 12:29:07","Siona"
"670","SNA22","SNA22","Penelope jacquacu","2022-10-25 12:30:19","Siona"
"671","SNA22","SNA22","Procyon cancrivorus","2022-08-23 02:06:46","Siona"
"672","SNA22","SNA22","Procyon cancrivorus","2022-11-18 20:09:15","Siona"
"673","SNA22","SNA22","Tinamus major","2022-07-31 09:52:27","Siona"
"674","SNA22","SNA22","Tinamus major","2022-09-07 17:02:19","Siona"
"675","SNA22","SNA22","Tinamus major","2022-09-17 13:08:18","Siona"
"676","SNA22","SNA22","Tinamus major","2022-09-28 14:51:38","Siona"
"677","SNA22","SNA22","Tinamus major","2022-10-01 12:48:09","Siona"
"678","SNA22","SNA22","Tinamus major","2022-10-04 07:39:57","Siona"
"679","SNA22","SNA22","Tinamus major","2022-10-06 17:21:47","Siona"
"680","SNA5","SNA5","Canis lupus","2022-08-12 11:28:08","Siona"
"681","SNA5","SNA5","Cuniculus paca","2022-07-31 01:45:57","Siona"
"682","SNA5","SNA5","Cuniculus paca","2022-08-07 01:15:24","Siona"
"683","SNA5","SNA5","Cuniculus paca","2022-08-07 02:27:08","Siona"
"684","SNA5","SNA5","Cuniculus paca","2022-08-08 04:48:48","Siona"
"685","SNA5","SNA5","Cuniculus paca","2022-08-15 19:46:30","Siona"
"686","SNA5","SNA5","Cuniculus paca","2022-08-15 23:31:50","Siona"
"687","SNA5","SNA5","Cuniculus paca","2022-08-20 21:58:44","Siona"
"688","SNA5","SNA5","Cuniculus paca","2022-08-23 21:22:08","Siona"
"689","SNA5","SNA5","Cuniculus paca","2022-08-28 00:22:24","Siona"
"690","SNA5","SNA5","Dasyprocta fuliginosa","2022-07-28 16:37:38","Siona"
"691","SNA5","SNA5","Dasyprocta fuliginosa","2022-07-30 15:56:53","Siona"
"692","SNA5","SNA5","Dasyprocta fuliginosa","2022-08-17 17:30:24","Siona"
"693","SNA5","SNA5","Dasyprocta fuliginosa","2022-08-18 08:13:40","Siona"
"694","SNA5","SNA5","Dasyprocta fuliginosa","2022-08-20 07:38:57","Siona"
"695","SNA5","SNA5","Dasyprocta fuliginosa","2022-08-23 09:14:23","Siona"
"696","SNA5","SNA5","Dasyprocta fuliginosa","2022-08-25 09:54:25","Siona"
"697","SNA5","SNA5","Dasyprocta fuliginosa","2022-08-26 06:01:01","Siona"
"698","SNA5","SNA5","Dasyprocta fuliginosa","2022-08-30 15:16:50","Siona"
"699","SNA5","SNA5","Dasyprocta fuliginosa","2022-09-01 06:57:02","Siona"
"700","SNA5","SNA5","Dasypus novemcinctus","2022-07-28 21:34:26","Siona"
"701","SNA5","SNA5","Dasypus novemcinctus","2022-08-04 04:29:12","Siona"
"702","SNA5","SNA5","Dasypus novemcinctus","2022-09-02 04:52:57","Siona"
"703","SNA5","SNA5","Dicotyles tajacu","2022-08-05 11:49:06","Siona"
"704","SNA5","SNA5","Dicotyles tajacu","2022-08-15 07:32:06","Siona"
"705","SNA5","SNA5","Mazama americana","2022-08-27 07:57:45","Siona"
"706","SNA5","SNA5","Mazama americana","2022-08-27 18:36:00","Siona"
"707","SNA5","SNA5","Mazama americana","2022-09-02 05:42:53","Siona"
"708","SNA5","SNA5","Mazama americana","2022-09-04 06:30:02","Siona"
"709","SNA5","SNA5","Mazama americana","2022-09-05 18:37:05","Siona"
"710","SNA5","SNA5","N/D N/D","2022-08-06 23:21:42","Siona"
"711","SNA5","SNA5","N/D N/D","2022-08-20 07:39:01","Siona"
"712","SNA5","SNA5","N/D N/D","2022-08-20 11:02:30","Siona"
"713","SNA5","SNA5","N/D N/D","2022-09-03 16:23:50","Siona"
"714","SNA6","SNA6","Cebus yuracus","2022-08-12 12:23:06","Siona"
"715","SNA6","SNA6","Mazama americana","2022-09-25 21:11:07","Siona"
"716","SNA8","SNA8","Buteogallus schistaceus","2022-08-08 16:21:26","Siona"
"717","SNA8","SNA8","Cabassous unicinctus","2022-09-19 01:24:44","Siona"
"718","SNA8","SNA8","Cebus yuracus","2022-10-13 11:16:10","Siona"
"719","SNA8","SNA8","Dasyprocta fuliginosa","2022-11-02 14:43:03","Siona"
"720","SNA8","SNA8","Dasyprocta fuliginosa","2022-11-02 17:43:12","Siona"
"721","SNA8","SNA8","Dasyprocta fuliginosa","2022-11-13 06:33:36","Siona"
"722","SNA8","SNA8","Dasyprocta fuliginosa","2022-11-19 14:31:51","Siona"
"723","SNA8","SNA8","Didelphis marsupialis","2022-08-01 01:18:03","Siona"
"724","SNA8","SNA8","Didelphis marsupialis","2022-08-11 03:59:25","Siona"
"725","SNA8","SNA8","Didelphis marsupialis","2022-08-29 20:42:41","Siona"
"726","SNA8","SNA8","Didelphis marsupialis","2022-09-04 19:15:24","Siona"
"727","SNA8","SNA8","Didelphis marsupialis","2022-09-29 19:44:04","Siona"
"728","SNA8","SNA8","Nasua nasua","2022-10-23 10:33:59","Siona"
"729","SNA8","SNA8","Penelope jacquacu","2022-08-26 08:59:32","Siona"
"730","SNA8","SNA8","Penelope jacquacu","2022-08-26 10:19:50","Siona"
"731","SNA8","SNA8","Penelope jacquacu","2022-09-27 06:27:42","Siona"
"732","SNA8","SNA8","Penelope jacquacu","2022-09-28 08:13:36","Siona"
"733","SNA8","SNA8","Penelope jacquacu","2022-10-12 09:01:29","Siona"
"734","SNA8","SNA8","Penelope jacquacu","2022-10-12 10:18:19","Siona"
"735","SNA8","SNA8","Penelope jacquacu","2022-10-22 10:57:33","Siona"
"736","SNA8","SNA8","Penelope jacquacu","2022-10-22 13:40:06","Siona"
"737","SNA8","SNA8","Penelope jacquacu","2022-10-22 14:23:44","Siona"
"738","SNA8","SNA8","Penelope jacquacu","2022-10-27 10:13:31","Siona"
"739","SNA8","SNA8","Penelope jacquacu","2022-10-27 11:40:24","Siona"
"740","SNA8","SNA8","Penelope jacquacu","2022-11-20 08:29:10","Siona"
"741","SNA8","SNA8","Puma concolor","2022-11-16 10:28:57","Siona"
"742","SNA8","SNA8","Puma concolor","2022-11-20 10:00:47","Siona"
"743","SNA8","SNA8","Saimiri cassiquiarensis","2022-08-29 10:51:32","Siona"
"744","SNA8","SNA8","Saimiri cassiquiarensis","2022-09-10 09:00:58","Siona"
"745","SNA8","SNA8","Tamandua tetradactyla","2022-09-08 07:10:02","Siona"
"746","SNA8","SNA8","Tapirus terrestris","2022-08-15 20:15:05","Siona"
"747","SNA9","SNA9","Cebus yuracus","2022-09-05 10:53:11","Siona"
"748","SNA9","SNA9","Copeoglossum nigropunctatum","2022-09-26 10:16:32","Siona"
"749","SNA9","SNA9","Crypturellus soui","2022-08-02 09:53:01","Siona"
"750","SNA9","SNA9","Crypturellus soui","2022-10-20 09:06:19","Siona"
"751","SNA9","SNA9","Cuniculus paca","2022-08-30 04:34:35","Siona"
"752","SNA9","SNA9","Cuniculus paca","2022-09-17 02:04:32","Siona"
"753","SNA9","SNA9","Cuniculus paca","2022-09-19 02:52:40","Siona"
"754","SNA9","SNA9","Cuniculus paca","2022-10-05 01:53:47","Siona"
"755","SNA9","SNA9","Dasyprocta fuliginosa","2022-09-08 07:13:27","Siona"
"756","SNA9","SNA9","Dasyprocta fuliginosa","2022-09-09 09:24:22","Siona"
"757","SNA9","SNA9","Dasyprocta fuliginosa","2022-09-12 06:04:33","Siona"
"758","SNA9","SNA9","Dasyprocta fuliginosa","2022-09-13 06:46:01","Siona"
"759","SNA9","SNA9","Dasyprocta fuliginosa","2022-09-17 06:14:43","Siona"
"760","SNA9","SNA9","Dasyprocta fuliginosa","2022-09-21 11:11:38","Siona"
"761","SNA9","SNA9","Dasyprocta fuliginosa","2022-10-01 06:34:01","Siona"
"762","SNA9","SNA9","Dasyprocta fuliginosa","2022-10-03 09:28:44","Siona"
"763","SNA9","SNA9","Dasyprocta fuliginosa","2022-10-03 10:24:56","Siona"
"764","SNA9","SNA9","Dasyprocta fuliginosa","2022-10-09 06:36:53","Siona"
"765","SNA9","SNA9","Dasyprocta fuliginosa","2022-10-16 06:04:51","Siona"
"766","SNA9","SNA9","Dasyprocta fuliginosa","2022-10-20 06:32:00","Siona"
"767","SNA9","SNA9","Dasypus novemcinctus","2022-08-03 04:35:00","Siona"
"768","SNA9","SNA9","Dasypus novemcinctus","2022-08-05 04:37:24","Siona"
"769","SNA9","SNA9","Dasypus novemcinctus","2022-08-10 04:42:08","Siona"
"770","SNA9","SNA9","Dicotyles tajacu","2022-10-14 07:13:33","Siona"
"771","SNA9","SNA9","Didelphis marsupialis","2022-08-31 04:29:31","Siona"
"772","SNA9","SNA9","Didelphis marsupialis","2022-10-19 04:48:18","Siona"
"773","SNA9","SNA9","Didelphis marsupialis","2022-10-21 04:44:35","Siona"
"774","SNA9","SNA9","Geotrygon montana","2022-10-31 05:57:32","Siona"
"775","SNA9","SNA9","Geotrygon montana","2022-11-03 11:32:40","Siona"
"776","SNA9","SNA9","Mazama americana","2022-09-19 02:31:03","Siona"
"777","SNA9","SNA9","Metachirus nudicaudatus","2022-08-05 02:52:30","Siona"
"778","SNA9","SNA9","N/D N/D","2022-08-25 03:40:22","Siona"
"779","SNA9","SNA9","N/D N/D","2022-09-09 08:16:18","Siona"
"780","SNA9","SNA9","N/D N/D","2022-10-25 02:31:00","Siona"
"781","SNA9","SNA9","Nasua nasua","2022-09-03 06:54:17","Siona"
"782","SNA9","SNA9","Nasua nasua","2022-09-08 11:12:49","Siona"
"783","SNA9","SNA9","Nasua nasua","2022-09-18 10:01:41","Siona"
"784","SNA9","SNA9","Nasua nasua","2022-10-15 07:38:56","Siona"
"785","SNA9","SNA9","Nasua nasua","2022-10-22 08:21:37","Siona"
"786","SNA9","SNA9","Philander andersoni","2022-08-19 01:33:02","Siona"
"787","SNA9","SNA9","Procyon cancrivorus","2022-10-05 02:42:19","Siona"
"788","SNA9","SNA9","Psophia crepitans","2022-10-22 09:26:13","Siona"
"789","SNA9","SNA9","Tamandua tetradactyla","2022-08-19 07:44:40","Siona"
"790","SNA9","SNA9","Tamandua tetradactyla","2022-09-14 06:12:41","Siona"
"791","SNA9","SNA9","Tamandua tetradactyla","2022-10-02 06:22:21","Siona"
"792","SNA9","SNA9","Tamandua tetradactyla","2022-10-17 01:44:53","Siona"
"793","SNA9","SNA9","Tamandua tetradactyla","2022-11-17 08:28:55","Siona"
"794","SNA9","SNA9","Tupinambis cuzcoensis","2022-11-18 10:08:14","Siona"
"795","SNA9","SNA9","Tupinambis cuzcoensis","2022-11-25 08:41:40","Siona"
